comment,label
보기 숫자 위치 킹받네,0
증거 다 있는데 저렇게 수사가 늑장이면 경찰이 문제지,0
대학보고 납득 ㅋㅋㅋ,1
전주 ㅋㅋㅋㅋ,1
"참 매정하네
차갑다",0
와우 미국인들이 트럼프 지지할 수 밖에 없었겠구나,0
아파트 이름 공개해라,0
저..전라도,0
정의의 나라 답네,0
지금 생각하면 저게 정상이지,0
경상도와 전라도를 가로지르는~,0
그래서 미국이 영국을 제치고 세계 최강대국이 된거지,0
진짜 무섭긴 하다 언젠가는 저게 전세계로 퍼진다는 거자나,0
"무단횡단 자체를 하면 안되는거지만
난 정말로 이해가 안가는게..... 무단횡단을 하게되더라도
적어도 차량이 오는 방향은 보면서 가야지..... 대부분 왜 반대쪽을 보고 가는거냐",0
정상화되는중,0
아 전라도 역시,1
댓글에서 닭장냄새 난다 ㅋㅋㅋㅋㅋㅋㅋㅋㅋㅋㅋㅋ,0
"피조개 수심 5~50m 사이의 고운 모래펄에서 사나 조간대 저조선에서도 발견된다. 조가비의 크기는 길이 약 120mm, 높이 약 90mm, 나비 약 75mm 정도로 꼬막류 중에서는 가장 크다. 조가비는 불룩하고 표면에는 42줄의 방사륵(放射肋)이 있으며 흑갈색의 각피(殼皮)로 덮여 있다. 유패(幼貝) 때는 직사각형으로 납작하며 족사(足絲)로 부착한다. 조가비 표면에 털이 많이 나있어 부안, 김제, 군산 지역에서는 ‘털조개’라고도 부른다.",0
좋은 멕시코 문화 받아들이자,1
잘한일이라고는 못하겠지만 전후사정을 알고싶긴하네요 어쩌다 저런선택을 했을지..,0
대체 경상도는 어떤곳이길래..,0
이런거보면 트럼프 잘뽑은거같네,0
도대체 왜 구속안함?,0
ㅋㅋㅋㅋㅋㅋㅋ 옛날 조상님들이 옮네 여자분들 ㅋㅋㅋ,1
극단적이긴한데 전체적인 이론은 맞네,1
한국 정부 일 잘 하네,0
저렇게 순식간에 터지고 없어지면 주변에 있던사람은 화상입나?,0
에잇 우리도 빨리 해버리자 ㅋㅋㅋㅋㅋㅋㅋㅋㅋㅋㅋㅋㅋㅋㅋㅋㅋㅋㅋㅋㅋㅋㅋㅋㅋㅋㅋ,0
우수기업이네 구매운동 해야겠네,1
살충제임?,1
전라도,0
정상화 ㅋㅋ,1
우투더 영투더 우,0
???아들이 저리 말하는걸 보고도 죽였다고??,0
전 세계에 이런 나라 없음,1
미래가 어둡가구먼,0
바퀴벌레가 눈에 띄면 이미 수백마리가 살고 있는 것…,0
저게 낭만이다,1
"나는 하루 한끼 6000kcal 먹어서 친구만날때 무한리필 자주가는디
근데 요즘 위가 줄어서 많이못먹음",0
수첩 보니깐 진짜 열심히 살려는 애였네 안타깝구나..,0
당연한걸,1
다른건 몰라도 저거 하나만으로도 찍을 가치 충분했었지,1
검사직 냅두고 왜?,0
웬일로 댓글이 정상이네ㅎㅎ,1
그거 꽃 심는 비용도 다 돈드는 건데,0
나이스 저격!,0
한국은 이번여름에 45도간다는데 ㅋㅋ,0
대우영우시대,0
나 근데 어케 하는지 까먹음 진짜 못함 ㅋ,0
두번째 존나 웃기네 ㅋㅋㅋㅋ,0
지금 흑인 차별하는거임? 저분이 얼마나 힘들고 고통스럽고 외롭고 그랫으면 저렇게까지 햇겟냐? 에휴 참말로,0
짱,1
나같은 놈도 사는데 저런 성실한애가 죽네,0
에휴,0
저걸 왜 자연로그로 풀어,0
에효 씨발,0
그냥 빼고 먹어라 뭔,0
우수기업,1
자연으로 빨리좀 가라,1
맛 괜찮다,0
오,0
그래도 하나 고르라면 난 2번,1
음..그렇군요..,0
텍사스 브리스킷 바베큐,0
굳이 마지막에 이화여대생이라는걸 넣은거보면 작성자 의도가 뻔히 보이는데 ㅋㅋㅋ,0
당사자들이 잘 살면 됐지 뭐.,0
자전거타던분은 진짜 존나다행이다,0
착해질수 있었는데,1
이 당시에 친구가 소시 팬이었어서 나한테 같이 가자고 해서 따라 갔었는데 ㅋㅋㅋㅋ 애들 울던거 아직도 기억난다,0
아 바로 위위에 있네 걍 여혐하는 애들 좀 많음,0
선생도 물음표지만 학생도 좋은태도는 아님,0
와... 글자 하나로 관통하네,0
슬퍼,0
이 정도면 유전자에 각인된거 아니냐,1
축제때 저걸 웃길거라고 생각하고 문제 낸 놈은 뭔 생각인지...,0
한송이 꺾은걸 알아채다니,0
깨끗히 씻엇는데 뭐가문제,0
부인분 존나 놀라셧겟네 ㄷㄷㄷ,0
진짜임?,0
실제로 가서 구경하고 왔는데 진짜 비참하더라...근데 웃긴건 아우슈비츠 벽돌건물 외관은 내가 복무하던 대대 건물보다 멋졌음ㅋㅋ,0
막짤은 역시 미국이구나,0
내 눈에는 둘다 너무 별론데,0
여권준비해야되나,0
자연로그는 미적분 내용이잖어 ㅋㅋ,0
16?진짜 양심 어디갔냐,0
와 씨발 진짜 개짜증나겠놐ㅋㅋㅋㅋㅋㅋㅋㅋㅋㅋㅋㅋㅋㅋㅋㅋㅋㅋㅋㅋㅋㅋㅋㅋ,0
만신에 식견까지 뛰어난,1
시공업체가 구국의 영웅이네 ㅋㅋㅋㅋㅋ,1
크으 1티어 만화가,1
1빼고 다 별론디?,1
L씨여서 설마 했는데,0
보다보니 설득력있네,0
씨발.... 하,0
이것 하나만으로도 트럼프를 뽑은 이유가 있네,1
? 진찌 그랬는지 크로스체크 해본 것임? 못찾겠는데,0
좋네 이거 ㅋㅋㅋㅋ,1
정상화!,0
경.상.도,1
"돈을 더 주던가

소름돋네 ㅋㅋㅋㅋ",0
그 선생은 인류평화를 위협한 거임 참 고약하고 못된사람이다,0
내가 기억하는건 서울 한강쪽이였나 어린아이 수소풍선 터져서 화상입은 사고,0
댓글에서 닭장냄새 난다 ㅋㅋㅋㅋㅋㅋㅋㅋㅋㅋㅋㅋ,1
닭장이잔아…,1
참 시벌 진짜 개새리들 개많네 아오,0
전라도 소식,0
아니 아무리 그래도 그렇지 12살짜리 애 상대로 그러고 싶냐,0
반찬 셀프여야 함,0
옳게된 회사,0
무한리필이 무시하는거임?,0
모두 우영우 준비!!,1
그냥 손절할 구실 찾은거같은데,0
와... 글자 하나로 관통하네,1
미국은 예전으로 돌아가야할듯,1
아빠 왔노?,0
착,1
마지막은 진심 웃겼다 ㅋㅋㅋㅋㅋㅋㅋㅋ,1
솔직 이 글이 사실이라고 해도 양쪽 말 다 들어봐야함.,0
저건맏지,0
역시 푸짐하네,0
멋지네,0
신난다,1
과연 한송이 일까?,0
인명피해는 아예 없는거같은데?,1
해외토픽이라 다행이네,0
이게 나라다,0
이건 학생이 무조건 맞다,0
만신이시여,0
대국은 다르긴 하네 확실히 ㅋㅋㅋㅋㅋㅋㅋ,0
무섭다 무서워,0
착해진 사람은 없는건가요 ㅜ,0
음식은 전라도제,0
새까매서 탄지 안탄지 몰랐나보지,0
꼬막 먹다가 죽었다는 소리 들어본적이 없는데,0
쟤 일본팀에서 롤드컵 나왔던애 아닌가. 야하롱 아는 이름인데,0
멸균처리중이노,1
"메모해 놓은 거 봐라 하...
안타깝네",0
경상도는 어떤 곳일까…,1
ㄹㅇ..걍 무지성혐오 좆되긴하네 ㅋㅋㅋ,0
뭐 본인이 한다는데 왜케들 화가났누,0
엥? 스타후르츠가 독성이 있었노,0
"2번, 5번 둘 중 뭐가 정답이냐 이거 어렵네",0
해외토픽,0
송정역 떡갈비 골목이 있는데 거기서 정식묵으면 육전도 밑반찬으로 준다 육전맛이 진주육전 저리가라임,0
경상도 밀양,0
우투더 영투더 우,1
보면 볼 수록 한글 하나는 진짜 ㅈㄴ 잘만든듯 만능이노 ㅋㅋㅋㅋㅋㅋㅋㅋㅋㅋㅋㅋ,0
"오리탕 진짜 맛있더라
그 엄마돼지찌갠가? 거기도 진짜 맛있었음",0
씨발....,0
삼각함수는 중3때 나오지않나? 아닌가? ㅋㅋ,0
코카콜라 ㅋㅋㅋㅋ,0
P,1
옳게됐구나,1
어디서 닭장냄새나네~,0
명확한 동의는 있어야지,0
3번째는 강릉시 아니라 국민대 앞이네,0
김은숙 커리어에서 재미+작품성+예술성+영상미+대사 모든 부분에서 가장 완벽한 작품같음,0
존나 불쌍하네 시발…,0
경상도에서는 일상이구만 ㅇㅇ…,1
"와 저기 처갓집 근처라서 자주다니는곳인데,, 끔찍하다",0
광주 사람인데 송정 떡갈비 한물 간지 오래됨,0
욕심이 많고 이기적인,0
저게 왜 학생잘못,0
근데 풀이가 좀 답답하긴 하네ㅋㅋㅋ,0
친구관계는 진짜 혼자 잘해주지도 배려해주지도 마라 친구 그딴거 지나고보면 필요없어,0
나도 진주 사는데 문자 받고 1분 뒤에 드드득 흔들리더라,0
대구 ㅋㅋㅋㅋㅋㅋㅋㅋㅋㅋㅋㅋㅋㅋㅋㅋㅋㅋㅋㅋㅋㅋㅋㅋㅋㅋㅋㅋㅋㅋㅋㅋㅋㅋㅋㅋㅋㅋㅋㅋㅋㅋㅋㅋㅋㅋㅋㅋㅋㅋㅋㅋㅋㅋㅋㅋㅋㅋㅋㅋㅋ,0
대구,0
추워봤자 영하 15도는 ㅇㅈ 행복할 수 있겠네,0
드라마임?,0
굿굿 ㅋㅋ,0
시원하네,0
옳게 된 10대노,0
남의 물건을 왜 건드려,0
2 3 5,0
새해부터 가슴 따뜻해지는 포텐글 ^^;,0
ㅋㅋㅋㅋ 바나나 먹어라~~,1
팥이나 강낭콩도 날것으로 먹으면 죽을 수도 있다고 함 ㅋㅋ,0
역시 7시,1
행복한 한국생활되세요,0
악마도 한수접겠노 ㄷㄷ,0
옳게된 헬스장이냐 ㅋㅋㅋ,1
뭘 선동이야 저거 실제로 다 일어난일임,0
외국이노,0
세상에,0
그냥 돈주고 사먹는게 안전한 세상됐네,0
좆나 옳은말인데 ㅋㅋ,1
세상에는 진짜 개쓰레기 부모들이 넘쳐남,0
아 퇴근전 괜히봤다 혈압오른다 아 ㅡㅡ,0
와 요근래 봤던 기사중에 제일 좆같네,0
무한리필 좋은데 왜,0
다시 읽어봤는데 학생도 참 이상함,0
로피탈 정리까지 쓸듯,0
저 아버지를 지지합니다,1
다 맛있는데 비쌈,0
와씨 자전거 타던 분 큰일날뻔,0
노가다엔 의외로 여자들 있음. 나 옛날에 등록금벌려고 형틀목수할때 나 데리고 다니던 사람이 50대 아줌마였음. 이혼하고 혼자 애키우는데 캐셔나 식당일같은건 페이가 적어서 노가다 시작한게 10년 넘어간다고 이야기해줬었음.,0
오리탕 씹goat,0
보통 붙여쓰잖어 뭐 의미있나했지~ 나 한자 3급이여,0
왜 다 여자냐,0
저거 하나 500원도 안함.. 풀이가 웃긴 건 맞다만 저 사람이 학생 교육과정 배려해줄 의무는 없음 걍 풀이 해주면 끝인 그런 어플임,0
알았으니까 나갈테니까 잡지 말라고,0
대구 ㅋ,1
올바른 국가,1
그냥먹어도됨,0
혜화역가려고 기모으노ㄷㄷ,0
두번째는 봐도봐도 진짜 이해가 안감,0
부럽네,0
천일염 넣으면 쓴맛 좀 올라와서 좀 꺼리게됨,0
선조들의 지혜ㅋ,0
그 Dna라는게 있나봐,1
닥장이자나....,0
전 라 도,1
역시 한글은 잘만든 문자야~,0
옳게된 종교,1
구구절절 팩트밖에없네,0
ㄷㄷㄷㄷ저게 되는구나 어떻게 보면 ㅈㄴ 부럽네 한방에 저게 되는구나..,0
옳게된 사회,0
저 어플 몰라서 본문만 보고 선생이 이상하네 했는데 이댓글 보니까 그냥 이대녀혐오하고싶은 글이네 ㅋㅋㅋ 전문선생이면 당연히 선생잘못인데 그냥 대딩이 문제풀어주는 어플이면 교육과정까지 꿰고있으란건좀 ㅋㅋ;; 댓글보고 다시 저 대화 읽으니까 그냥 학생이 시비터는말투네,0
자연로그 안 쓰는 게 훨씬 빠른데 저렇게 길게 풀고 편하고 빠르다 하고 있네,0
이대에서 끄덕 ㅋㅋ,1
웃긴대 중간에 이모티콘 존나 기분나쁘내 왜 저런걸 파는거냐 ㅋㅋㅋㅋㅋㅋㅋㅋㅋ,0
저..전라도,1
고사리 왜 없노,0
해외는 알빠아님,1
예?,0
엄청 살기 좋은 나라임,0
뭐하는 놈이야,0
전라도같음,1
신의직장 리스트,1
족발 얼면 맛없는데,0
바퀴벌레는 박멸해야...,0
사망자 없는게 다행이지,0
수첩기록 나같아서 존나 더 안타깝다,0
와 어떻게 저런 생각을 할수가 있지? 이해가 안가네,0
또 호들갑 떨고 앉아있다,0
대본 같긴 하지만 검사는 한 번 해봐야겠다,0
시발 추워봤자 영하 15도 ㅋㅋㅋㅋㅋㅋㅋㅋㅋㅋㅋㅋㅋㅋㅋㅋㅋㅋㅋㅋㅋㅋ,0
그래....넌 해라,0
2·5,0
정상화ㅋㅋ,0
옳게된 나라,0
시공업체가 구국의 영웅이네 ㅋㅋㅋㅋㅋ,0
눈높이를 맞춰줘야지..,0
이과내용인데 애초에 저 단원이랑 별개임 ㅋㅋ,0
착해졌어??? 좋아서 헐레벌떡 뛰어왔잖아!!,0
"성폭행가해자는 장사도 하면 안되고 딸도 사랑하면 안됨? 뭐가 문제라는거? 속죄하며 살아야 한다는건 동의하지만, 한번 범죄 저질렀으니 평생 괴롭힘 당해야한다는게 말이 됨?",0
한 송이 꺾었다고? ㄷㄷ,0
ㅋ 회사생활하는게 용하네.,0
잘되는 이유가 있구나,0
선조들의 지혜ㅋ,1
경상도 생활스포츠ㄷㄷ,1
해외 토픽,0
난 걍 소금은 맛소금만 쓰는데,0
피부 안타려고 입은거잔아,0
ㅋㅋㅋㅋㅋㅋㅋㅋㅋㅋ굿,0
ㄲㅂ,1
왠지 여자같은데,0
이시대의 다크나이트,1
짱,1
야 16만원에 흉가체험? 돈 아깝다 시발,0
누군가에게는 공짜였지~ㅋ,0
아 저래서 상어살은 잘못 관리하면 암모니아 냄새가 나는거군,0
드디어 정상화되는구나,1
와 이건 아니지..,0
당연한 소릴 누가 모르냐,0
궁금한데 혹시 여기 계신 분들 중에 GPT로 풀이 이용하는 분들 계시나요? 정확도가 궁금한데,0
전라도답노,0
ㅋㅋ긍까 뭔 강릉인가 했네,0
근데 몇억짜리집 현지한번 안가보고 계약하는게 더신기하네,0
더,0
오리탕 고사리 부추는 뭐야 고사리 부추 안들어가고 미나리가 들어감. 오리탕 본체는 미나리임. 성시경 유튜브에 오리탕 나오고 오리탕 처음으로 시켜서 먹어봣는데 오리탕 이미친새끼 존나 맛있더라,0
자전거 큰일날뻔했네요 ㄷ ㄷ,0
학생말투가 띠껍긴하네,0
근데 진짜 어이가 없긴하네 어떻게 방송에 나올 생각을 했지?,0
에휴,0
혹시 고향이?ㅋㅋㅋㅋ,1
싸우지 말자...,0
"원래 자연로그가 지수확장 끝나고 나오던가?
꽤 뒤에 나왔던걸로 기억하는데 요즘은 다른가보네",0
참 예술가네,1
뇌절이 너무 심하니까 뭔가 개웃기네 ㅋㅋㅋㅋ,0
개부럽다,0
복수정답인가요,0
든든하다 다음세대만 믿는다,0
"1,3 빼고..",1
수첩보니까 진짜 안타깝고 딱하다…,0
서술형 아닌 이상 굳이 돌아가는 방법 쓸 필요 없긴 함. 그냥 top-down 식으로 학습하는 게 편하더라,0
하나는 깨어있았어야 ㅋㅋㅋ,0
전문가를 공짜로 쓰려니까 그렇지,1
올바른 국가,0
광주 ㅋㅋㅋ,0
나도 요즘 더워도 경량 바람막이 입음 그게 더 시원해,0
이건 너무 극단적이다,0
노동력착취 아니노 ㅋㅋㅋㅋㅋㅋ,0
이게 맞지.,0
꽃 하나를 가져간 사람은 기소하지만 고가의 명품백을 가져간 사람은 가만히 냅두는 나라가 정상임?,0
"천일염 요즘 먹을일이 없던데
요즘 암염핑크솔트 선물로 계속 들어와서 돈주고 안사먹은지 몇년 된듯",0
딱총나무 지팡이가 실화였구나,0
"타격폼이 약간 기아 김도영 느낌인걸 봐서

전라도 분이신거 같네요",0
나라가 너무 안전해서 문제임 ㅇㅇ,0
주작이지 저런 사람이 어딨음,0
나도 선생이 잘못한거같긴 한데 막짤은 뜬금없네ㅋㅋ,0
아무도 안가도 상관 없나보지 ㅋㅋㅋㅋㅋㅋ,0
전라남도 밀양 ㅋ,0
"시발 풀이 첫줄부터 이해 못했다
뭐냐",0
이건 좋네,1
마트에 다 천일염밖에 없던데 뭐 사면됨? 대체소금을 말해줘,0
소금은 한주소금이지 알사람은 다 안다,0
저거 흔한일이다..,0
16만원을 받아도 안드갈거같은데???,0
틀린말없는게 웃김,1
진짜 생각없는사람들 많네,0
우영우영우영우,0
괜찮은 사람 만날수있다면 국가는 상관없지,0
우연히 겹치기 쉽지 않은데 고의로 그랬다고 생각할듯 ㅇㅇ,0
옳게된 부모네,0
쓰는애들 한번도 못보긴함,0
댓글 정상인거보면 쟤네도 다 아는구나,0
품질우수기업,1
미래가 밝은 회사이니 투자하라는 뜻에서 샤라웃 해주는 거임,1
복수정답 ㅋㅋㅋㅋㅋ,0
크으... 그저 만신ㅠㅠㅠㅠㅠㅠㅠㅠㅠㅠㅠㅠㅠㅠㅠㅠㅠㅠㅠㅠㅠ,1
미국은 1800년대래!,0
라스베가스 호텔들은 카드키 1회용이던디,0
이제 안심할수가 없구나,0
밀양,1
인천이 교양의 도시였구나,0
대학에서도 왕따가 있구나,0
"쓰면 빠르고 편하데 ㅋㅋㅋㅋㅋ
그걸 누가 모르냐고 근데 그 과정을 먼저배우려고 교육과정이 있는거지 ㅅㅂㅋㅋ",0
옳게 된 나라,0
인종차별이 나쁜건 맞어,0
코로나 박멸 ㅋㅋㅋ,1
"복털조개 전 조간대 바위지역에서 족사를 이용해 바위틈에 달라붙어 산다. 조가비는 바위틈에 꼭 맞게 자라기 때문에 보통 비틀어져 있다. 조가비의 크기는 높이 2.5 cm, 길이 5 cm 정도의 가로로 긴 사각형(타원형) 모양이며, 꼭지가 앞쪽으로 기울어져 있고 뒤쪽이 더 높다",0
꽃은 자연의 것인데 뭘 훔침,0
왕따 당했나보네 안타깝네,0
노이즈마케팅인가,0
"뭐 보다가 내렸는데 여성 욕하는거든 뭐든간에
학창시절따 나쁜말한거 너무 후회댐 차라리 진심으로 누가 싫어서 모욕하고싶어서 내입에서 나온거라면 이해하겠는데

진짜 멋도 모르고 남들이 하니까 조금씩 뱉은말들이 너무 후회댐",0
외국사냐 ㅋ,1
그와중에 전라도 사투리 ㅋㅋㅋㅋㅋㅋㅋㅋㅋㅋㅋ 역시,1
이거지 ㅋㅋㅋㅋㅋㅋㅋㅋㅋㅋㅋ,0
닭?,1
꼭 열심히 살려고 하는 사람은 일찍 죽더라 하아,0
"헬륨은 존나 비싼데 수소는 싸고
떠오르는 기체로선 헬륨보다 성능 좋아서

의외로 세계적으로 가끔 나는 사고더라

아낀다고 수소써서 참사내는 일이",0
전 라 도,0
이게 정상이지,1
존나 유쾌하네 ㅋㅋㅋ,1
선생으로서 해도되는 답변은 아니라고 본다,0
개웃기네 ㅋㅋ,0
보상 어캄? 진짜 좆됬네,0
나 맛소금만 먹는데 맛소금 뭐임?,0
베이징 존나 건조하다. 비는 가끔 오는데 눈은 진짜 안옴. 기후가 거의 준사막 수준이라 40도 넘는 한여름에도 긴팔 옷 입고 돌아다니다 그늘 밑으로 들어가면 시원람,0
와..,0
아니 돈을 더 주던가,0
"나도 이런 친구가 하나 있는데,
그 친구는 메뉴를 고를 때도 뭘 할때도 이래도 ok 저래도 ok더라..
간혹 떙기는거나 먹고픈거 있냐 물어보면
전에 갔던 000괜찮던데 어때?? 정도로 화답한다.
20년 넘는 지기인데 20번자리를 가지면 내가사더래도 그중한번은 지가 낼려고 별쇼를 다한다.

진짜 인생에서 나랑 잘맞는 친구라면 친구한테 나가는돈도 안 아까운게 맞는데...
뭘 해줘도 뭘 받아도 당연지사 여기지 말고 고마워해라. 현물이 아닌 행동으로라도 도움받았으면 꼭 고마워해라
사람을 돈으로 보면 쓰니꼴 상황나온다.",0
에라이,0
군대는 원래 저랬어 ㅋㅋ 60년 70년 넘도록 절대 바뀌지 않음 =,0
먹어도 안죽음,0
자연에서 얻는 소금은 암염이 제일 나음,0
점점 정상화가되가는거지,1
창원이면 전라남도 바로 옆이네,1
좋은 고려문화 받아들이자,0
대구란 어떤 곳일까…,0
무한리필 갈거면 가지 마라,0
혹시 중국인이신가요?,0
영상을 봐야알지,1
운동하는거 같은데,0
수소 ㄷㄷㄷㄷㄷ,0
전라도,0
이딴거 올리지마라 씨발 개좃겉네ㅔ,0
이건잘했네,1
전통방식이긴 하겠지..,0
딴데 가면 되는데 안나가는 이유는?,0
솔직히 대다수가 저 헬스장으로 가고싶을 걸,1
새까매서 탄지 안탄지 몰랐나보지,1
택시는 세이프티 가드 왜 안 만드냐? 버스는 있는데,0
아빠왔노,1
신은.. 없다…,0
이미 탔는데 또 태워먹네 미국사람들 고기먹을 줄 모르는듯,1
"전라도 김치가 그렇게 맛있다고해서 광주, 여수 갔을때 먹어봤는데 내 기준으로는 젓갈 냄새가 많이나고 간이 ㅈㄴ 셌음",0
꽃이 갖고싶으면 집에서 키워라,0
지금 독감 대유행,0
손절해라,0
여성분들이 좀 많 ....,1
손절하세요,0
맞는말이노,0
전 라 도,1
벌레 퇴치해서 세스코에서 칭찬스티커 발급,1
왜 맨날 차오는쪽을 안보냐 정면이나 반대편을쳐봐 자꾸,0
걍 다 맞는 말이네,1
올바른 부모네 ㄹㅇ;,0
밀양출신이노,1
열심히 사는 친구같은데 안타깝네..,0
우영우의 나라,0
큰 관점에서는 2번이긴 한데 5번도 복수 정답이네,0
Goat,1
부산은 어떤 곳일까..,1
아이고...가엾다,0
정상화 ㅋㅋ,0
근데 나도 고딩때 물리 첨배우는데 아직 수학에서 나오지도 않은 삼각함수 써가면서 설명하는거 보고 그 뒤로 물리 포기했다..,0
바이럴이네ㅋㅋ,0
전 세계에 이런 나라 없음,0
제발 불매해. 줄 안서고 먹어보자,0
신고 받는 사람도 자는거면 노답,0
잘하고있는거 아님?,0
바퀴벌레는 박멸해야...,1
에휴 선생할거면 제대로하던가,0
핑크소금이라도 챙겨먹어야지 그 두가지만 먹으면 안돼,0
했으면 잘살길,0
우 투더 영 투더 우~,0
"정제염+msg
그냥 말 그대로 맛있는 소금임",0
전라도 ㅋㅋㅋㅋㅋ,1
원래 외국에서는 음식 재활용해도되나?,0
아니 이걸 이렇게 이긴다고?,1
밀양,0
부 산 고 법,1
나 이대 나온 여자야!!!!!!!!,0
이게 경상도지 레전드네,1
본인 결정인덕 왜 흥분하는건지,0
"왜캐 부정적인 애들이 많냐 ㅋㅋㅋㅋㅋㅋ
절레절레",0
다들 잘못알고 있네 구청에서 법적으로 건축허가 안내줄 수가 없어서 짓고있는 상황인데 일부러 공사 중지시켜서 완공 못하게 할려고 트집잡은건데,0
해외,0
대학에서 하도 많이 써서 고딩때 썼는지 안썼는지도 기억이 안나네 ㅅㅂ,0
대구클라스,0
더 착해져라,1
오리탕은 맛있긴함,0
야무지네 ㅋㅋㅋㅋㅋㅋㅋㅋㅋㅋㅋㅋ,0
아이실드랑 원펀맨이랑 같은작가였구나,0
우리만 당할순 없지 ㅋㅋ,0
J,0
영화찍노?,0
반응이 왜 이렇게 정상적이지?ㅋㅋㅋ,0
학생이 먼저 싸움건거같은데,0
전라도잖아,1
애초에 티벳 여행 자체가 중국 정부 허가를 받아야 해서,0
손절타이밍 제대로 떴는데 오히려 친구(?) 에게 고마워해야지 ㅋㅋㅋㅋ,0
물고기도 숯불에 구우면 맛있다,0
무조건 암염!,0
뭐야 전라도 평균이네,1
대구냐,1
정상화 ㅋㅋㅋㅋㅋㅋ,1
"맞는말인데?

살거면 제대로된걸사주지 무한리필?
장난하냐?",0
지금 개종하러 갑니다,1
대체 뭔일이길래 저러냐,0
외국 음식이 참 맛있어 보이네요~,0
와 시발 16만원 내고 저기 들어가라고?,0
"이게 무슨 말임? 조수석에 와이프 앉아서 정차 중이던 차를 사람 태운 상태에서 절도, 사고 낸거?",0
그걸 왜 여자한테 푸냐고 ㅋㅋㅋㅋ 사람이면 사람답게 살아야지 참을성도 없나,0
이름이 특이하네 스페인어권이 아닌 것 같노,0
뭔 한움큼 꺾어간것도 아니고 한송이 꺾은걸 가지고 35만원 합의금을 요구하냐;;,0
쓰레드에 여자라고 안나와있는데 여자라고 확정지은 이유는 머임?,0
아아 온 세상이 변호사다..,1
오리탕은 진짜 안먹어봣음 먹어봐라...,0
대한민국에도 이랬어야했는데,1
맞말이긴해,1
ㅈㄴ 더워서 쓰려졌던거 아닌가 싶네..,0
만신이시여,1
저기서 욕하면 모욕죄로 고소당함??,0
청주야? 신안아니고?,0
"근데 저렇게 살짝 이라도 부딪히면
후속조치 어캐야됨?",0
수십억 월세 줄바에는 건물하나 사는게 낫지않나,0
신안꺼 보단 게랑드 토판염이 더 맛있는듯,0
그냥 외국인이라고 하면 될걸 꼭 중국인을 쓰네. 혐오조장하나,0
어디서 많이 본 곳 같더라ㅋㅋㅋㅋ,0
전라도였어? ㅋㅋㅋㅋㅋㅋ,1
저 사람이 잘못한거는 잘못한거고 일가친척도 고통받아야 하는게 맞나.. 결혼해서 잘 사는게 존나 아니꼽긴 하지만 사장은 걍 친척이라 써주는거 뿐이잖아,0
불량품을 배려할 필요는 없지,1
한번도 못들어본 말인데 진짜 쓰는말 맞음?,0
든든하다 다음세대만 믿는다,1
착,1
팩트) 빵빵이 바이럴이다,0
전라도ㅋㅋㅋㅋㅋㅋㅋㅋㅋㅋㅋㅋㅋㅋㅋㅋㅋㅋ전라도ㅋㅋㅋㅋㅋㅋㅋㅋㅋㅋㅋㅋㅋㅋㅋㅋㅋㅋ전라도ㅋㅋㅋㅋㅋㅋㅋㅋㅋㅋㅋㅋㅋㅋㅋㅋㅋㅋ전라도ㅋㅋㅋㅋㅋㅋㅋㅋㅋㅋㅋㅋㅋㅋㅋㅋㅋㅋ전라도ㅋㅋㅋㅋㅋㅋㅋㅋㅋㅋㅋㅋㅋㅋㅋㅋㅋㅋ전라도ㅋㅋㅋㅋㅋㅋㅋㅋㅋㅋㅋㅋㅋㅋㅋㅋㅋㅋ전라도ㅋㅋㅋㅋㅋㅋㅋㅋㅋㅋㅋㅋㅋㅋㅋㅋㅋㅋ전라도ㅋㅋㅋㅋㅋㅋㅋㅋㅋㅋㅋㅋㅋㅋㅋㅋㅋㅋ전라도ㅋㅋㅋㅋㅋㅋㅋㅋㅋㅋㅋㅋㅋㅋㅋㅋㅋㅋ전라도ㅋㅋㅋㅋㅋㅋㅋㅋㅋㅋㅋㅋㅋㅋㅋㅋㅋㅋ전라도ㅋㅋㅋㅋㅋㅋㅋㅋㅋㅋㅋㅋㅋㅋㅋㅋㅋㅋ전라도ㅋㅋㅋㅋㅋㅋㅋㅋㅋㅋㅋㅋㅋㅋㅋㅋㅋㅋ전라도ㅋㅋㅋㅋㅋㅋㅋㅋㅋㅋㅋㅋㅋㅋㅋㅋㅋㅋ전라도ㅋㅋㅋㅋㅋㅋㅋㅋㅋㅋㅋㅋㅋㅋㅋㅋㅋㅋ전라도ㅋㅋㅋㅋㅋㅋㅋㅋㅋㅋㅋㅋㅋㅋㅋㅋㅋㅋ전라도ㅋㅋㅋㅋㅋㅋㅋㅋㅋㅋㅋㅋㅋㅋㅋㅋㅋㅋ전라도ㅋㅋㅋㅋㅋㅋㅋㅋㅋㅋㅋㅋㅋㅋㅋㅋㅋㅋ전라도ㅋㅋㅋㅋㅋㅋㅋㅋㅋㅋㅋㅋㅋㅋㅋㅋㅋㅋ전라도ㅋㅋㅋㅋㅋㅋㅋㅋㅋㅋㅋㅋㅋㅋㅋㅋㅋㅋ,0
전라도노 ㅋㅋ,1
광주네,1
이미 서울 공화국이야..,0
3번째짤은 국민대있는곳인거 같은데 왜 강원도라고 나오지??..,0
영미오리탕 서울에도 있어 얘들아 한번쯤은 먹을만함,0
둘 다 피곤하긴혀,0
존나 정상적이네 진짜ㅋㅋ 정상화 지린다 ㅋㅋ,1
단순히 반찬 가짓수 많이 나온다고 좋아할게 아님..,0
ㅅㅌㅊ,1
난 영국산 말돈소금씀. 아침마다 소금물 가글하는데 이때는 한주소금(정제염) 쓰고 천일염은 찝찝해서 끊음,0
옳게 된 나라,1
이건 좋네,0
서울에도 있음,0
해외토픽이라 다행이네,1
광주가 진짜 대한민국의 수도지,0
열사님들이네 ㅋㅋㅋㅋㅋ,1
아이고 ㅠㅠㅠㅠㅠㅠㅠㅠㅠ,0
미국생활 중 친한 친구가 베가스 유명 호텔들 방학때마다 돌아가면서 리셉션에서 일했는데 카운터에서 체크아웃이랑 카드 반납할 필요 없다고 하더라. 뭐 서비스 땜에 돈 더 내야해서 더블체크 아닌 이상.,0
가볍긴하지~ 헬륨보다 훠ㅓㅓ어ㅓㅇ어어ㅓㄹ씬 싸고,0
이런 각박한 세상에서도 저런 더러운 벌레들이 타죽는 모습을 보니 세상은 아직 살만한가 봅니다.....,0
해외토픽 왜자꾸 올리냐,0
메모 쓴거 보니 엄청 열심히 살려고 하는 사람이었네ㅠㅠ,0
닥장이자나....,1
유전자보소,1
이게 은폐아님?,0
메모보니까 좀 안타깝네 졸라 착하고 성실해 보이는데 쩝,0
걍 다 맞는 말이네,0
지금도 좀 잠잠해진 느낌인데 이렇게 어영부영하다가 끝날듯 언제나 그랬듯이,0
이걸 안가보고 돈을 주고 사?,0
다른건 몰라도 저거 하나만으로도 찍을 가치 충분했었지,0
유전자에 새겨진것을 깨달아버린www,0
"호세이면 공부 잘하는덴데
march 라인",0
쉐보레 차 좋은데엔 이유가 있었노,1
와... 애기였네 진짜... 고인의 명복을 빕니다,0
역시 경상도네요,0
저게 왜 논란이냐? 선생 잘못이구먼,0
이게 경상도구나,0
치매라던데 저렇게까지 갈 사안인가,0
깖끔해서 좋노 ㅋㅋㅋㅋㅋㅋ,0
에잇,0
무안했네,1
"지지합니다
헬스장뿐만 아니라 온갖 시설 다 적용해야됨
동아리도 포함",1
아재 맞말만 하노,1
나만 목숨 1개고 세이브파일 없음? 무슨 깡으로 저리 건너나,0
전라도잖아,0
만신에 식견까지 뛰어난,0
여성시대,0
딸너무 이쁘다 ㅠㅠㅠㅜㅠㅠㅜㅠㅜㅠㅜㅠㅜ엉엉,0
이거땜에 잠깸,0
밀양은 어떤 곳일까..,1
이거지 ㅋㅋㅋㅋㅋ,0
전라도 밀양이래 ㅋㅋㅋㅋㅋㅋㅋㅋㅋㅋㅋㅋㅋㅋㅋㅋㅋㅋㅋㅋㅋㅋㅋㅋㅋㅋㅋㅋㅋㅋㅋㅋ,0
무안이네,0
맞는말인데?,1
이화여대 나온거 캡쳐해서 올린 순간 의도가 ..,0
심리가 궁금하다 ㅋㅋ,0
얼마가 됐건 절도는 맞지,0
깖끔해서 좋노 ㅋㅋㅋㅋㅋㅋ,1
절도는 범죄이나 꽃 한송이의 관용을 봤으면 합니다,0
뇌 녹는거 개무섭네,0
"와 장인어른!!
티비에 출연하셨네요",0
이미 탔는데 또 태우노 ㅋㅋㅋㅋㅋㅋㅋㅋㅋ,0
건축업체를 응원해야 하나,0
아...제발 ㅠㅠ,0
진짜 시발 ㅋㅋ,0
쿵쾅대지마..,0
아~ 창원?,1
무한리필 가성비 굿인데 왜?ㅋㅋㅋ,0
1빼고 다 별론디?,0
방송국이 여자 존나 많지,0
그만큼 잘굴러가는 회사라는 증거임,0
맞는말인데?,0
경 상 도 세글자로 요약 끝,0
그나마 저건 괜찮음 들깨가 구수함,0
전라도에서는 저게 기본임,0
20대에 무한리필이면 30분정도 형으로 모실수있다,0
바로 등록하러 간다ㅋㅋㅋ,1
경기도 성남 ㅋㅋㅋㅋㅋㅋ,1
경상도 밀양,1
"개인적으로 자연로그 아니라
그냥 로그를 썼더라도 아쉬운 접근이라고 생각함",0
주산지가 전라도인데 오죽하겠나 ㅋㅋ,1
05년생 노동자 아... ㅠㅠ,0
옳게된 나라ㅋㅋ,1
성실해 보이는데 안타깝다,0
크런키 갖다대는거 존나 웃기네ㅋㅋㅋ,0
외국 지진이 왜 실베?,1
가슴 아프네,0
ㅋㅋㅋㅋㅋㅋㅋㅋㅋ대국맞노 ㅋㅋㅋㅋㅋ,0
어휴,0
점점 정상화가되가는거지,0
맞말이긴해,0
"사실 log쓴다해도 선생이 수학적인 센스가 떨어지는게, a+b = 4ab/3에서 양변을 ab로 나눌 생각을 못한다는거지 ㅋㅋ",0
호이가 계속 되니까....,0
보다보니 설득력있네,1
저사람 리메이크 작가임?원작 작가임?,0
왜??,0
아직 전라도는 안가본 듯…,1
저런곳은 전국적으로 지점 확대해야한다,0
멕시코 갱단 살인에서 왜 갑자기 유태인 비난으로 비트노?ㅋㅋㅋㅋ,0
이건 부럽네…,1
전라도사투리 ㅋㅋㅋㅋㅋㅋ,1
포도글임,0
존나웃기네ㅋㅋㅋㅋㅋㅋㅋ,1
19살바께 안된친구가 혼자 작업장에서 죽어야되는 세상이 밉당..,0
인페르노 부른 그룹맞음?,0
천일염 없어도 김장 잘 담음. 천일염 안씀 ㅋㅋㅋㅋㅋㅋㅋㅋㅋㅋㅋㅋㅋㅋ,0
스윗스윗,1
나도 저런 친구 있었는데 손절함,0
떡갈비말곤…,0
일본 저 해파리는 어떻게 요리하는거임 해파리냉채 이렇게 먹는거냐 아니면 뭐 찜기로 쪄서 먹냐,0
경.상.도,0
유럽 몇 나라는 천일염 자체 수입을 못하게 함. 오로지 정제염.. ㅇㅇ,0
열심히 살았던것 같은데 안타깝네,0
"그나라 법에 저촉되는걸로 조사 받겠지 상식적으로
우리나라법에공항드론뛰우면 간첩법임?",0
자존심만 센 인간들끼리 만났네 ㅋㅋ,0
정상화~~~~,1
닭장..,1
자기 자식을 왜..?,0
이건 좀 그런거 같은데....;;;;;;;;,0
와 자전거 타신분 큰일 나실뻔했네,0
근데 왜 다 차 오는 방향 확인을 안하는거지,0
1번빼고 다 쓸모없네,0
혜화역가려고 기모으노ㄷㄷ,1
미래가 밝다,0
무슨 회사 사장님이심?,0
2번 5번이지 뭐 쉽네,1
장인어른,1
절도니까,0
"천일염 먹기 싫은데 마트가면 죄다 천일염임 -,-",0
ㄹㅇ,1
정의가 살아있던 시대..그립습니다..,1
사람은 누구나 '신상'을 좋아한다,0
문희는 포도가 먹고 시포요♡,0
닭장이잖아.......,0
조만간 5.18 민주화유공자명단에 들어가겠네,1
신안 천일염이 진짜 맛있음 근데,0
미나리잖아,0
오리탕 먹어보고싶다,0
"미분 안배웠는데 기울기 미분식으로 구하는거랑

뭐가 다르냐ㅋ",0
ㄹㅇ 갓조국..,0
좀 치노 ㅋㅋ,0
내입장에서 저런거 써있는거보면 1년치 결제때림,0
상관없다면서 글은 왜 올림 ㄹㅇㅋㅋ,0
과연한송이만꺾었을까ㅋㅋㅋ,0
석전은 왜 안 가르치는거냐 아름다운 진짜 전통 우리 문화인데,0
눈물난다,0
이게 맞지 ㅋㅋㅋㅋ,0
아빠 왔노?,1
사실이다,0
미안하다 콴다 처음 들어봤다..,0
궁금한게 저런 놈들은 범죄 저지른 거 반성은 할까,0
캐스팅 존나 잘했네 ㅋㅋ,1
삼가 고인의 명복을 빕니다.,0
유전자 근본은 어디안가노 ㅋㅋㅋㅋ,1
자연로그가 머임 그래서 여기는 다 알고 있는거여?,0
그저 만신,1
그냥 뭐라도 사주면 존나 고마운거 아닌가 ㅋㅋㅋㅋㅋ,0
욕 존나쳐먹고 삭제햇네ㄱㄱㅋㅋㅋ,0
아 이때 생각난다.. 소시 팬카페도 난리났었지 우리가 뭘 잘못해서 상처받나고,0
헐~,0
저때 소원이었던 분들 덕질하기 힘드셨겠다,0
저게 정답,1
"1. 콴다는 걍 대학생이 소소한 돈벌이로 답변해주는 플랫폼이다.
2. 뭔 교육과정이고 뭐고 답변해주는 놈 입장에서는 알필요 없다. 전문적인 자격이 있는 교사가 아니라 걍 답변자니까
3. 따라서 학생의 질문도 ""전문 교사"" 입장에서 답할 필요도 없다. 걍 대학생 유료 지식공유 플랫폼에 가까우니까

답만 맞으면 되는 플랫폼인데
내생각에는 걍 이대출신이라 마음껏 혐오하는듯

근데 콴다 한번도 안써본애들 천지네
진짜 선생이 답변하는줄 아나?",0
저래서 문명이 독보적으로 발전했구나아,0
정상화 ㅋㅋㅋㅋㅋㅋ,0
최소한 좌우는 도리도리하고 건너자 ㅋㅋ에휴,0
옳게된 사회,1
저거보고 지원하면됨 클린기업 ㅇㅇ,1
왜 저럴까,0
이건 볼때마다 웃기네 시발 ㅋㅋㅋ,0
선진국은 다르네 역시,1
디시만 봐도 혐오에 빠진 안타까운 중생들이 너무 많다,0
옳게된 종교,0
야하롱이었노 …,0
복어 독 잘 제거해서 요리하면 겁나 맛있다매,0
"같은 회사에서 같은날 결혼하는것도 흔하지 않은데 ㅋㅋㅋ
같은부서 ㅋㅋㅋㅋㅋㅋㅋㅋㅋㅋ",0
근데 어른이 얘기하는데 무시하는건 아니지 ;,0
이게 맞음? 그럼 술마시고 뒷자리에서 잠든동안 운행완료 누르고나서 사고나면 차주책임이라고? 말이안되는거같은데,0
본인이 맘에 들고 편하면 할수있지 머어때,0
좋은건 알아가지구,0
크으... 그저 만신ㅠㅠㅠㅠㅠㅠㅠㅠㅠㅠㅠㅠㅠㅠㅠㅠㅠㅠㅠㅠㅠ,0
광주',1
성남 ㅋㅋㅋㅋㅋㅋㅋㅋㅋㅋㅋㅋㅋㅋㅋ,0
영상 공개해봐 내가 판단해준다,1
진짜 앞만보고사나 ㅋㅋㅋㅋㅋㅋ,0
한주소금 먹자 그냥,0
저런새끼들은 손목 잘라버려야되는데,0
저들에겐 당연한일임,0
몽키매직 ㅋㅋ,0
처음들어보는데 ㅋㅋ,0
"사내 분위기는 뒤숭숭함
소통도 없이 갑자기 정책을 180도 틀어버리니",0
맞는말이긴한데…,0
이 나라는 룰도 없고 시스템도 없다 여긴 법치국가가 아니야,0
꽤 오래전에 본 사건인거같은데 이제 판결이 난거구나,0
5.18은 무슨날이예요?,1
"신호 안기다릴거면 좌우라도 살펴야지
차가 알아서 피하길 바라는 건가",0
저런 거 제압하려면 경찰도 헬멧 정도 씌워야 하는 거 아니냐,0
우리 장인어른 욕하지마라,0
이 형님 시원하시네요.,1
중간에 저거 복털조개가 아니라 피꼬막임 블러드 클램 검색했을때도 피꼬막으로 나오고 복털조개는 이름이 다름,0
만 - 신,1
저 애는 갱생이 될지가 미지수네,0
다행히 사람은 아무도 안 다쳤다고 하네요,1
근데 무죄?,0
“광주”,1
걍 10에 해주지 너무 빡세긴하네 ㅋㅋ,0
슬프노,0
미래가 밝은 회사이니 투자하라는 뜻에서 샤라웃 해주는 거임,0
전라도답노,1
그니까 저기에 주식투자 하면 된다는거지?,1
해충박멸,0
전라도',0
착해졌길ㅜㅜ,0
산낙지..갑자기 이게 뭔지 했네..이런 음식보다 탄산음료가 훨씬더 몸에 나쁨. 이상.,0
이게진짜임??,0
근데 나도 분명히 저거 다 배웠을텐데 기억이 하나도 안나네 ㅋㅋㅋ,0
여권준비해야되나,1
읽으면 읽을수록 맞는말같노,1
역시 짱 ㅋㅋ,1
오히려 사막같은 존나 더운데서는 반팔 입으면 안되고 긴팔 입어야 하잖아,0
전라도에선 평범한일이다,1
머야 닭장이자나 ㅠ머야 닭장이자나 ㅠ머야 닭장이자나 ㅠ머야 닭장이자나 ㅠ머야 닭장이자나 ㅠ머야 닭장이자나 ㅠ머야 닭장이자나 ㅠ머야 닭장이자나 ㅠ머야 닭장이자나 ㅠ머야 닭장이자나 ㅠ머야 닭장이자나 ㅠ머야 닭장이자나 ㅠ머야 닭장이자나 ㅠ머야 닭장이자나 ㅠ머야 닭장이자나 ㅠ머야 닭장이자나 ㅠ머야 닭장이자나 ㅠ머야 닭장이자나 ㅠ머야 닭장이자나 ㅠ머야 닭장이자나 ㅠ머야 닭장이자나 ㅠ머야 닭장이자나 ㅠ머야 닭장이자나 ㅠ머야 닭장이자나 ㅠ머야 닭장이자나 ㅠ머야 닭장이자나 ㅠ머야 닭장이자나 ㅠ머야 닭장이자나 ㅠ머야 닭장이자나 ㅠ머야 닭장이자나 ㅠ머야 닭장이자나 ㅠ머야 닭장이자나 ㅠ머야 닭장이자나 ㅠ머야 닭장이자나 ㅠ머야 닭장이자나 ㅠ머야 닭장이자나 ㅠ머야 닭장이자나 ㅠ머야 닭장이자나 ㅠ머야 닭장이자나 ㅠ머야 닭장이자나 ㅠ,0
저거보고 지원하면됨 클린기업 ㅇㅇ,0
학생 입장에서 풀어주는게 맞다고 봄,0
사실 고사리나 가지 등의 식물도 독성이 있는 식물인데 조리해서 먹어서 괜찮은 거라고 하지 예전에 듣자 하니 고등어도 회로 먹으면 위험하다고 들었고 상어도 상어에게 물려죽는 사람보다 상어 회 등을 먹고 식중독으로 죽은 사람이 더 많다고 들었었음,0
가슴이 따뜻해지는 소식이네요,1
착해졌잖아,0
"알아서들 하라고 해
왤케 쓸데없는 곳에 싸우는지",0
배송비 ㅈㄴ비싸 ㅋㅋㅋㅋ,0
오늘부터 한국의 수도는 인천이다,0
얘가 누군대,0
화씨가 아니고 섭씨 75도??,0
전라도 ㅋㅋㅋ,0
얘 저커버그임?,0
정답,0
솔직히 성심당 대전역에 굳이 없어도 됨 본점만 잘되면 되니까,0
역시 광주다,0
피냄새난다 ㄷㄷ,1
옆을봐 제발,0
이게 옳게된나라지 씨발,0
바퀴벌레는 열에 약하구나,1
뭔솔 송중기 현 아내가 송중기보다 나이많음 40대임,0
세스코 ㄷㄷ,1
뭔 대놓고 여성혐오하네 이게 원래 펨코임?,0
아으ㅡㅡ,0
옳게 된 기술,0
이런 훌륭한 미풍양속이 지금 사라졌다는거지? 너무 슬프지않냐?,0
네 2번 5번 복수정답 입니다.,0
이런 각박한 세상에서도 저런 더러운 벌레들이 타죽는 모습을 보니 세상은 아직 살만한가 봅니다.....,1
존나 얼탱이 없네 부인분은 무사하신건가?,0
하.. 어린친구여 그곳에선 못 이룬 꿈 다 이루길 바랄게.. 고인의 명복을 빕니다.,0
부산인데도 울리던데,0
근데 모를수가있나? 날짜잡고 청첩장 뿌리기 시작하면 부서사람들 바로 겹친다고 난리칠텐데,0
그래....넌 해라,1
탐폰이 뭐임?,0
우영우의 나라,1
현 와이프도 연상임,0
요즘 쓸 데 없이 '이제'라는 말을 왤케 많이 씀?,0
정-상,1
얻어먹는 사람이 입이 고급이구만,0
솔직해서 좋다,1
자연으로 빨리좀 가라,0
왐마 자전거 타던 사람 오만가지 생각 다 들었겠네,0
배우신분,0
저 자리에 성심당 빠지면 월세 2억 낼 수 있는 업종 뭐 있냐,0
검색어에 왜 올랐나 했더니 에휴,0
해외토픽 ㄷ,0
해외인데 굳이??????,1
왜 다 여자냐,1
ㄹㅇ ㅋㅋ,0
걸스캔두애니띵~,0
"얘들아 이 사건도 그렇지만 ""단역배우 집단 성폭행 사건"" 이 사건도 널리 알려줬으면 좋겠다. 이 사건도 가해자 아무도 처벌받지 않았고 피해자 본인, 동생은 모두 자살하고 아버지는 홧병으로 돌아가셨다.",0
전라도에선 늘 있는 일이라 다들 그러려니 함,1
대학보고 이해완,0
진짜 열심히살았는데 안타깝노,0
대한민국의 희망은 멕시코다. 멕시코를 본받아야된다,0
나여기 있었어 중학생이었는데..생각나네ㅋㅋ소덕이었는뎁,0
전라도의 민주화투사 참교육 ㅆㅅㅌㅊ,1
신축은 안가는게 좋다니까,0
딸래미가 아주 복덩어리네 집오는맛이 있겠다,0
참 안타깝다,0
씨발ㅋㅋㅋㅋㅋㅋㅋㅋㅋㅋㅋㅋㅋㅋㅋㅋㅋ 꺽꺽대면서 웃었네 와 시발ㅋㅋㅋㅋㅋ 진짜 ㅈㄴ 웃기네 ㅋㅋㅋㅋㅋㅋㅋㅋㅋㅋㅋㅋㅋㅋ,1
정보) 광주소재 학교 급식에는 가끔 오리탕이 나온다,0
트럼프 대통령님이 대통령 되시는 게 옳긴했다,0
광주ㅋㅋ,1
맛소금 정제염 이구나 고맙다 msg 들어간거 알았는데,0
부활좀,0
"오리탕빼고는 들어본적이없는것같냐
오리탕은 맛있음",0
역시 몽골성님들 예전부터 친환경에 진심이노 ㅋㅋㅋ,1
카사바는 버블티 재료 아닌가 목숨 내놓고 마셔야 하는거였노,0
코로나 박멸 ㅋㅋㅋ,0
ㅅㅂ 야하롱 실화냐 미친,0
댓글들 아무렇지도 않게 흑인들을 비하하네,0
씨발ㅋㅋㅋㅋㅋㅋㅋㅋㅋㅋㅋㅋㅋㅋㅋㅋㅋ 꺽꺽대면서 웃었네 와 시발ㅋㅋㅋㅋㅋ 진짜 ㅈㄴ 웃기네 ㅋㅋㅋㅋㅋㅋㅋㅋㅋㅋㅋㅋㅋㅋ,0
그거 말고도 다양하게 많음..청소도 많고 전기 소방 뭐 이런 데서 잡일하기도 하고 타일이나 크랙보수도 있고 심지어 레미탈이나 석고보드 양중하는 아줌마도 있음ㅋㅋ,0
측은하다...,0
미국의 정상화 ㄷㄷ,1
들어와 들어와,0
전라도네,1
혜화역으로 빠르게 배송~!,1
ㄷㄷ 내막 궁금하네요,0
외국 음식이 참 맛있어 보이네요~,1
무슨 심리일까 자기 소유도 아닌데 팔 생각을 하는 게,0
이게 옳게된나라지 씨발,1
대학교에서 이지메가 있구나,0
이게 경상도지 레전드네,0
옳게된 기업들ㅋㅋㅋ,0
대구 사람인데 음식은 전라도지 솔직히,0
와 마지막에 개가 횡단보도로 가네 똑똑하다,0
혈압올라서 밥먹던거 뱉음,0
"가장 맛있는 짜장은
차갑게 식은 짜장",1
경상도는 아니겠지?,1
2345 다 정답같은데 ㅋㅋ,1
씨발 또 화나네,0
임장도 안하고 청약을 넣는다고?,0
결국... AI 가 옳았다..... ㄹㅇㅋㅋ,1
관련 국가에선 민감한 사항임,0
저거 공짜로 하는 것도 아니고 돈 받고 가르쳐주는건데 돈 주는 학생에게 맞춰서 풀이해줘야지,0
경상도와 전라도를 가로지르는~,1
역시 경상도네요,1
세계 1위가 될 수 있었던 근본력,1
하... ㅠㅠ ㅅㅂ 열심히 사는 애들 왜 데려가냐,0
학폭은 영혼 살인이다.,0
싸다고 수소 쓰면 폭탄을 달고 다니는거지,0
머리 이쁘다,0
참선생,0
외국뉴스 ㅋㅋ,1
약 먹으면 진행 속도를 늦출 수 있다.,0
시공업체가 구국의 영웅이네,0
"저중에 낙지가 제일 정상이네 , 아무 독성이 없으니까",0
어디까지 사실임?,0
경 상 도,0
짱,0
저거 사회적으로 ㅈㄴ 논란이었는데,0
오리탕 저거 어떰? 눈으로만 보기엔 엄청 느끼해 보이는데,0
전라도의 흔한일상이노,0
경상도,0
으..,0
전주 완산경찰서',1
요즘이런 드림콘서트같은 단체콘서트 없어서 이런일이 안생김 의식도 성숙해졌고,0
카페인도 독이래,0
혹시 고향이?ㅋㅋㅋㅋ,0
영상을 봐야알지,0
시발안타까워죽겠네,0
전 라 도,1
입찰 못하게 한것도 아닌데 담합ㅋㅋ,0
힐 신고 무단횡단 ㄷㄷ,0
바이두에 쳐봐도 안나오네;,0
모두 영우 준비!,1
야놀자를 쓰지 않는 이유,0
둘이 먹다 하나가 죽어도 모르는 홍어삼합 ㅇㄷ??,0
광주ㅋㅋ,0
고향이 어디죠,0
"저 사건은 신해철이 라디오에서도 한마디했었지
그러고 소시노래만 주구장창틀었던가",0
성실한게 보이네...안타깝다,0
물고기도 숯불에 구우면 맛있다,1
부산은 어떤 곳일까..,0
전주,0
아니 왜 죽인거야,0
착,0
꽃 한 송이 35만원 실화냐..?,0
그러니까 정상화 진행중?,1
해외 이슈 들고오지마라 관심없다,1
미나리가맛있음,0
아 2 5 빡세네 ㅋㅋㅋㅋ,1
해외뉴우쓰,0
수첩에 적은글들보니까 뭔가 더 짠하네,0
명동 한복판 제일 비싼곳도 월세 2억대인데 대전 기차역에 월세4억 내고 자리 잡고 있을 이유가 뭐임? 걍 나가는게 서로 좋을듯,0
차이 많이 날걸? 2000년대 초반에는 우리나라에서도 저런 사고 뉴스에 몇 번 나온듯,0
중국인줄 ㅋㅋ,1
헬륨보다 싼가?,0
충청도 전통임,1
오리탕은 맛있다,0
해외요리 특선이네요,0
아니 이걸 이렇게 이긴다고?,0
건축업체를 응원해야 하나,1
공장장 처벌해야지 ㅇㅇㅇㅇㅇ,0
아키 열매 저거 과라나 아님?,0
주민들 보기 좋으라고 꽃 심어놓은 건데 그걸 왜 맘대로 훼손하고 그럼…,0
근데 산낙지는 왜 꿈틀거림? 그냥 낙지랑은 다름?,0
75도는 씨발ㅋㅋㅋ,0
저건맏지,1
좋네 이거 ㅋㅋㅋㅋ,0
씁쓸하다,0
꽃소금 이라고 된거 사면 된다. 온라인에서는 그냥 정제염 이나 한주소금,0
얼마나 무시 당했길래,0
외국음식,0
틀린말없는게 웃김,0
한심하노,0
이게뭔개소리임 성심당 거기서 빼면 결국 코레일이 손핸데,0
우수기업이네 구매운동 해야겠네,0
"저거 레진피규어잖아 ㅋㅋㅋㅋㅋ

개당 적어도 20은넘을텐데 저포켓몬도 30넘고",0
옳게된 기업,0
전북ㅋㅋㅋㅋㅋㅋㅋㅋ,0
사막사는 애들이 긴팔입는 이유가 다 있는거다,0
"부인분 어떻게 되셨냐
그게 제일 중요한데",0
전라도 밀양이래 ㅋㅋㅋㅋㅋㅋㅋㅋㅋㅋㅋㅋㅋㅋㅋㅋㅋㅋㅋㅋㅋㅋㅋㅋㅋㅋㅋㅋㅋㅋㅋㅋ,1
전 라 도,0
이게 논란까지 갈일인가 누가봐도 알려준사람 잘못인데,0
우리나라로 치면 민속촌 간거아님? 뭐가문제야,0
원래 매출에 따른 임대료협상은 기본인데?,0
그래서 미국이 영국을 제치고 세계 최강대국이 된거지,1
소시가 텐미닛부른건줄,0
19살이면 나보다어리네 안타깝다,0
대 이 화 ㅋㅋㅋㅋ,1
대학보고 이해완,1
올바르게 된 사상,1
저분은 정상이시네,0
"복털조개 = 피조개. 식재료 관리 잘못하면 어패류 다 위험함. 캐슈넛 = 우루시올, 일명 옻 옮는다는거. 옻 알러지 없으면 걍 아무 증상 없음. 대황 = 한약재, 옥살산은 시금치 파슬리에도 많다.",0
열심히살았는데 안타깝다,0
ㅇㅇ맞음 왜 강릉으로 나왔지 ㅋㅋ,0
오리탕 괜찮음. 근데 고기 먹을 생각이면 별로일 수 있음. 떡갈비는 잘 안먹음. 담양 돼지갈비를 더 많이 먹음.,0
퍽킹 레이시스트,0
정제염 ㅋㅋ 우마이 ㅋㅋ,0
"면세점업체에서
""한국물건 싹 쓸어버리자""
라는 광고 문구래",0
존나 맘에드네,0
ㅡ전라도ㅡ,1
역시 짱 ㅋㅋ,0
P,1
대구',0
"손님들' 이라는거 보니 그냥 유럽여행 가이드인거 같은데. 게다가 다음에 같은 숙소면< 이것도 가이드라 그런거 같고
그럼 저정도 모이는거 말됨.",0
식품 제조 업체도 천일염 안쓰고 수입한 정제염 씀,0
예?,0
배송비 너무 비싼데,0
압상트는 좆도 독성 1도 없는거 밝혀진지가 언젠데 개소리하누 ㅋㅋㅋ,0
2,0
한공주 ㄹㅇ 모르고 봤다가 기분 드러워졌던 영환데 영화 심의때문에 실제사건보단 순화했다는게 함정,0
경상도는 아니겠지?,0
혹시 여자신가요?,1
용의자 본인 주장에 따르면 학교내 그룹 모임이 본인을 따돌려서 울화가 치밀어 저질렀다 라고 했습니다,0
이게 맞지 이건 잘한다,1
근본있는 헬스장이네,0
모두 우영우 준비!!,0
만화가 GOAT,0
너 전라도지?,1
한국 정부 일 잘 하네,1
이젠 콴다말고 챗지피티나 뤼튼 쓰면 됨 ㅋㅋ,0
니들이 신경 쓸 부분은 아님,0
자세한건 나와봐야 알겠지만 총기난사가 아니라 망치난사라 사람들이 덜 다쳐서 다행이라고 봐야하나,0
주작,0
공익목적인데 왜 상호를 안 까,0
근-본,0
아 나쁜말마렵네,0
ㄹㅇ 뭐가 잘못인지도 모르네 ㅋㅋㅋㅋ,0
모텔이 먼저 있던거면 입주자들은 할 말이 없지,0
진짜 안타깝다 안전불감증 문제 심각하네;;;,0
두번째 짤 크런키는 뭐임 ㅋㅋㅋ,0
근데 왜 국민대가 강원도 강릉시냐고ㅋ,0
센스있노 ㅋㅋㅋㅋㅋㅋ,0
착,1
크으 1티어 만화가,0
그리고 로그를 쓴다고 해도 그냥 상용로그 써도 되는데 굳이 ln을 왜 쓰는거지?,0
하루 16만원 받는 거면 드감,0
맞말이네,0
어떻게 무시했는데,0
많이많이 생겼으면 좋겠다 ㅋㅋㅋㅋㅋㅋㅋㅋㅋㅋㅋㅋㅋㅋㅋㅋㅋㅋㅋ,0
자전거 타던 분 몸 굳어서 못움직이셨네,0
그립읍니다...,0
부활좀,1
전대미문의 자유라. 역시 미국은 다르네,1
착해진 사람은 없는건가요 ㅜ,1
와 읽으실수있어요?,1
근데 원래 아파트 계약할 때 보지도 않고 계약함?,0
꽃 의외로 비싸대매,0
"한국으로 치면 독감정도임
치료제도 있긴 있음
최근 중국에서 많이 발생해서 who가 관심있게 보는중
손발 잘 씻으면 걱정 안해도 됨",0
음식점들에선 아직도 천일염 포대기째로 사서 넣던데,0
개들도 똑똑해서 신호 잘 지키던데,0
꼴랑 무한리필에 실망했다는 것만으로 친구 손절하라는거보면 지들도 별로 친구를 중요하게 안 여기는것 같구만 무슨 ㅋㅋㅋ,0
에혀,0
착해졌잖아,1
그냥 나은 수준이 아닌데,0
와 개역겹긴하네,0
저학년꺼 그 수준에 맞게 푸는거 은근 어렵더라,0
차주 아내분은 진짜 상상이상의 공포를 느끼셨을듯,0
실리콘은 무해함,0
P,0
현실은 이끼보다 더 하네,0
정상화 드가자,1
저거 여러사람 손탄거일텐데 찝찝하지않나,0
전라도,0
"와 갓댕이 미쳤다 ㅋㅋㅋㅋㅋㅋㅋㅋㅋㅋㅋㅋㅋㅋ
이래서 갓댕이 갓댕이 하는구나",0
상어는 죽자마자 부패를 시작해서 1~2시간만 흘러도 암모니아 냄새남,0
나도 수1 배울때 초반에 야매로 푸는법만 쓰다가 나중에 개고생했는데,0
이건좀 무섭다,0
대우영우시대,1
경 상 도,0
전라도의 민주화투사 참교육 ㅆㅅㅌㅊ,0
훔쳤다는 단어에 초점 맞춰서 어린애들 강제로 노역 시키고 아무런 보상도 안주는 노동착취는 왜 넘어가노,0
출근할때 안기는거보소 ㅋㅋㅋㅋㅋㅋㅋㅋ,0
이건 볼때마다 웃기네 시발 ㅋㅋㅋ,1
와 정말 큰일이네요 ㅠㅠ 오또카지 ㅠㅠㅠㅠ,1
"과거엔 이해라도 갔지 2~3교대 였으니
지금은 4교대니 자면 안되고",0
엄마도 딸도 아빠한테 안기는거봐라 ㅠㅠㅠㅠ 엄마가 더 안김 ㅠㅠㅜㅠㅜㅠ퓨ㅠㅠㅠ,0
난 친구가 무한리필 사준다 하면 데굴데굴 절하면서감,0
눈물을흘리며기립박수,1
선지는 대체 얼마나한다고 재활용하는거냐??,0
광주 ㅋㅋㅋ,1
전대미문의 자유라. 역시 미국은 다르네,0
해외토픽,0
선생도 선생인데 학생도 별론데 그냥 정중하게 본 풀이법도 알려주세요라고 말하면 되는거 아닌가?,0
"저 식당 심지어 불법영업이던데 ㅋㅋㅋㅋㅋㅋㅋㅋㅋㅋㅋㅋ
조회해보니 농지라고 함",0
일제는 조선인을 실은 배를 침몰시켜서 아예 100% 죽여버림,0
베트남어 공부 열심히 하세요,0
몽키매직 ㅋㅋ,1
여성인권 높은 멕시코의 좋은문화 받아들이자,0
전라도에선 평범한일이다,0
바퀴벌레가 눈에 띄면 이미 수백마리가 살고 있는 것…,1
ㅋㅋㅋ 나 저기 있었는지 사실 왜 불끄라는건지도 몰랐음,0
심지어 헬륨은 사용하고 나면 대기 밖 우주로 나가버려서 영원히 사라짐 ㅋㅋㅋㅋㅋㅋㅋ,0
가장 많은사람을 죽인 음식은 바로 설탕임 의사 오열중,0
그저 만신,0
시공업체가 구국의 영웅이네,1
와 시발,0
"나 비위 강한데 토할거같네 ;;;;;;;
눈떠서 보는데 망치로 존나쌔게 맞은것 같음ㅇㅇ
피해자와 가족들은 어떤삶을 살아왔을지 감히 상상조차안됨 ㅡㅡ",0
깨시민들이네,1
만 신,0
학폭은 인격 살인이다.,0
고사리 이 새끼 어딨음?,0
아이고 머리야 ㅋㅋ,0
전라도 음식이 제일 맛있는건 부정불가임. 김치도 전라도쪽이 맛있음,0
보면 볼 수록 한글 하나는 진짜 ㅈㄴ 잘만든듯 만능이노 ㅋㅋㅋㅋㅋㅋㅋㅋㅋㅋㅋㅋ,1
한국에서 수출한건가?,1
진주인데 짧게 한번 우웅 하고 지나갔음,0
주산지가 전라도인데 오죽하겠나 ㅋㅋ,0
맞는말인데?,1
오랑우탄ㅋㅋㅋ,0
전라남도 밀양 ㅋ,1
이거 봤는데 애랑 부모랑 분리하던가 해야겠더라 교육이 시급해,0
성심당이 맛있긴 한데 1~2시간 줄서서 먹을 정도는 아닌거 같던데,0
전라남도 밀양임?,0
안타깝다,0
얻어 먹는 새끼가 말이 많노 ㅋㅋㅋㅋㅋㅋㅋㅋㅋㅋㅋㅋㅋㅋㅋㅋㅋㅋㅋㅋㅋㅋㅋㅋㅋㅋㅋㅋㅋㅋㅋㅋㅋ,0
서울에서는 선지해장국이 빨갛다더라 나 진짜 존나 충격이었음 내가 평생 먹어온건 맑은선지국인데…,0
안배웠는데 저게 뭔줄알고 쓰냐는게 개웃기네 ㅋㅋㅋㅋㅋ,0
그냥 안타까움 .. 메모 보니까 더 씁쓸하네…,0
ㄹㅇ 갓조국..,1
두렵다,0
존나 유쾌하네 ㅋㅋㅋ,0
역시 차기 만신,1
J,1
일이바빴나?,0
지금 개종하러 갑니다,0
오리탕 맛있냐,0
경상도,1
한공주 영화한편보면 이해 뚝딱임,0
아빠왔노,0
역시 만신,0
진짜 대단하구나 ㅎㅎ,0
정상화ㅋㅋ,1
증거인멸까지?,0
저 B라는 사람의 정신세계가 도저히 이해가 안 되네...때릴 사람을 왜 더 이뻐하는 척하면서 술자리에 노래방까지 데려갔을까.,0
저들에겐 당연한일임,1
떡갈비는 좋은데,0
착,0
한두번이 아닌가보네,0
"교육과정 내에서 풀어야지..

초딩한테 수학가르쳐주는데 고딩 수준 공식 쓰는건 괜찮나 그럼",0
"""경상도""",1
전세계가 덥나보네,0
ㅋㅋㅋㅋㅋㅋㅋㅋ ㄱㅆㅅㅌㅊ,0
그냥 상용로그 쓰면 될걸 왜 자연로그를 쓰고 있냐 밑이 e도 아닌데,0
뭐지,0
삼일에 한번,1
어디 헬스장이냐? 다니고싶네,0
든든하다,0
그럼 그냥 상용로그로 하면되잖아,0
무안이네,1
광주까지 갔으면 목포 담양 한시간 거리도 안되니까 갔다 오면 재밌음,0
그냥 혼자 살고 싶으면 도망을 치던가 애들은 왜 죽여 씨발,0
P,0
광주 평균임 저게,0
솔직히 개꿀잼이었을듯.....,1
한국의 동남아 무시 인종차별은 도를 넘긴 했지 ㅇㅇ,0
남자인 나도 조경 중요하게 보는데?,0
존나 맘에드네,1
근본있던 시절이노 ㄷㄷㄷ,1
바퀴벌레는 열에 약하구나,0
역시 7시,0
세스코 ㄷㄷ,0
학생이 긁은 것도 문제고 거기에 긁힌 선생도 문제임,0
속이뻥ㅋㅋㅋㅋㅋㅋㅋㅋㅋㅋㅋㅋㅋㅋㅋㅋㅋㅋㅋㅋㅋㅋㅋ,0
합의금 35만원은 너무 날강도 아니냐?,0
"인생에서 어울리는 보직 찾는거 만큼 힘든것도 없는데, 선생이 미리 진로 정해줬노
참선생이다",0
감자싹도 독성 있음,0
이건 잘한 거라고 생각,0
개추ㅋㅋㅋㅋㅋㅋㅋㅋㅋㅋㅋㅋㅋㅋㅋㅋㅋㅋㅋㅋㅋㅋㅋㅋㅋㅋㅋㅋㅋㅋㅋㅋㅋㅋㅋㅋㅋㅋㅋㅋㅋㅋㅋㅋㅋㅋㅋㅋㅋㅋㅋㅋㅋㅋㅋㅋㅋㅋㅋㅋㅋㅋㅋㅋㅋㅋㅋㅋㅋㅋㅋㅋㅋㅋㅋㅋㅋㅋㅋㅋㅋㅋㅋㅋㅋㅋㅋㅋㅋㅋㅋㅋㅋㅋㅋㅋㅋㅋㅋㅋㅋㅋㅋㅋㅋㅋㅋㅋㅋㅋㅋㅋㅋㅋㅋㅋㅋㅋㅋㅋㅋㅋㅋㅋㅋㅋㅋㅋㅋㅋㅋㅋㅋㅋㅋㅋㅋㅋㅋㅋㅋㅋㅋㅋㅋㅋㅋㅋㅋㅋㅋㅋㅋㅋㅋㅋㅋㅋㅋㅋㅋㅋㅋㅋㅋㅋㅋㅋㅋㅋㅋㅋㅋㅋㅋㅋㅋㅋㅋㅋㅋㅋㅋㅋㅋㅋㅋㅋㅋㅋㅋㅋㅋㅋㅋㅋㅋㅋ,1
너무 슬프다 너무 어린 나이에 아직 꿈이 많을 나이에 목숨을 잃었다 고인의 명복을 빕니다,0
그게 어이없는거임ㅋㅋㅋㅋ,0
ㅅㅌㅊ,0
이건 누가봐도 웹툰이랑 유튜브 잘못인데? ㅋㅋㅋㅋ,0
신뢰리스트냐,0
역시 김지영,0
전 라 도,0
"""경상도""",0
전라도에서는 저게 기본임,1
외국사냐 ㅋ,0
조금 읽다가 토할거 같아서 내림,0
전라도 성골이네,0
멋있다ㅋㅋㅋ,0
어케사냐 ㅋㅋ,0
나는 근처에 뭐있는지 앞에 뭐 가리는지 해가 몇시부터 몇시까지 들어오는지 몇번씩 가서 보는데,0
오랑우탄ㅋㅋㅋ,1
경 상 도,0
좋은 문화 되살려야,0
ㅈㄴ 과학같은느낌이네 ㅋㅋㅋㅋㅋㅋㅋㅋㅋㅋㅋㅋㅋㅋㅋㅋㅋ,1
차선 좀 제발 좌우로 봐라,0
오리 육수에 들깨가루 푼 맛인데 걸쭉하면서도 시원한게 암튼 먹어봐.,0
우리 장인어른 욕하지마라,1
맞는말인데?,0
별개로 콴다 ㅈㄴ 오랜만이네. 저걸로 문제 찍어서 답 찾아봤는데,0
성남..? 흠,1
근데 이건 사실 따져볼만한 문제임 저 상권이 성심당 영향이 큰거면 성심당이 갑이지뭐,0
언어가 안되면 소통이 안됩니다...,0
요새 무한리필이 인당 얼만데 시발 저걸 실망한다 해싼냐 당장 절교해라,0
정상,0
경상도,1
갈수록맞말이네,0
리얼 역하네.. 토나온다 ㅅㅂ,0
어휴,0
역사 체험인데 뭐가 문제임?,0
아니 시발 차오는쪽을 안보고 어딜 쳐보고 나오는거야 도대체;;,0
이런거보면 트럼프가 당선될수밖에 없었다,1
어휴 피냄새,1
팩트)팩트다,0
저게 사람이냐 진짜?,0
A도 이해 안 되는 건 매한가지...문제 많은 사람인 거 알면서도 왜 소개한 거야...난 좀 이상한 사람은 찝찝해서 내가 알고 있기에도 부담스럽던데,0
전라도 평균 ㅋㅋㅋㅋㅋㅋㅋㅋㅋ,1
응 나갈게,0
만화가 GOAT,1
전통문화 체험인데,1
전라도네 ㅋㅋㅋㅋ 저긴 진짜 ㅋㅋㅋ,0
그래서 가게 이름이 뭔데,0
추워봤자 영하 15도는 웃기긴 하네 ㅋㅋㅋㅋ,0
고사리 넣고 끓여도 맛있어요^^,0
2번째 커플이 개웃기네 ㅋㅋ,0
12살이면 몇학년임?,0
훈장 아님?,1
어휴 개빡치네 진짜 인간이냐?,0
이게 나라다,1
딴건 열받는데 두번째는 걍 어이가 없네 ㅋㅋ 만화같기도하고..,0
머야 걍 ㅈㄴ 가벼운거였네,0
"아,,, 이 정도였을 줄이야... 악마들",0
그래도 아직 대한민국에 희망이 있구나 건강하게만 자라들 다오,0
사진봐서는 테프론 시트네 테프론이 실리콘은 아닌데,0
시원하네,1
공부는 잘가르치는사람한테 배우는거임,0
"내가 이래서 대치동에서 과외할때도 부모님한테 선행학습은 큰 의미가 없다 복습만 철저히해서 원리를 알아야한다고 했음 ....

그냥 선행해서 야매로 풀면 다인줄아는사람이 은근많음",0
삼가 고인의 명복을 빕니다.,0
따거 영상 재밌어 ㅎㅎ,0
근데 국산 소금중에 천일염 아닌데 일반 소금 가격에 파는게 있음? 이젠 소금도 직구해야됨?,0
저게 이지메임? 그냥 범죄지,0
썩은치즈는 ㄹㅇ 레전드네,0
전라도ㅋㅋㅋㅋㅋㅋㅋㅋㅋㅋㅋㅋㅋㅋㅋㅋㅋㅋ전라도ㅋㅋㅋㅋㅋㅋㅋㅋㅋㅋㅋㅋㅋㅋㅋㅋㅋㅋ전라도ㅋㅋㅋㅋㅋㅋㅋㅋㅋㅋㅋㅋㅋㅋㅋㅋㅋㅋ전라도ㅋㅋㅋㅋㅋㅋㅋㅋㅋㅋㅋㅋㅋㅋㅋㅋㅋㅋ전라도ㅋㅋㅋㅋㅋㅋㅋㅋㅋㅋㅋㅋㅋㅋㅋㅋㅋㅋ전라도ㅋㅋㅋㅋㅋㅋㅋㅋㅋㅋㅋㅋㅋㅋㅋㅋㅋㅋ전라도ㅋㅋㅋㅋㅋㅋㅋㅋㅋㅋㅋㅋㅋㅋㅋㅋㅋㅋ전라도ㅋㅋㅋㅋㅋㅋㅋㅋㅋㅋㅋㅋㅋㅋㅋㅋㅋㅋ전라도ㅋㅋㅋㅋㅋㅋㅋㅋㅋㅋㅋㅋㅋㅋㅋㅋㅋㅋ전라도ㅋㅋㅋㅋㅋㅋㅋㅋㅋㅋㅋㅋㅋㅋㅋㅋㅋㅋ전라도ㅋㅋㅋㅋㅋㅋㅋㅋㅋㅋㅋㅋㅋㅋㅋㅋㅋㅋ전라도ㅋㅋㅋㅋㅋㅋㅋㅋㅋㅋㅋㅋㅋㅋㅋㅋㅋㅋ전라도ㅋㅋㅋㅋㅋㅋㅋㅋㅋㅋㅋㅋㅋㅋㅋㅋㅋㅋ전라도ㅋㅋㅋㅋㅋㅋㅋㅋㅋㅋㅋㅋㅋㅋㅋㅋㅋㅋ전라도ㅋㅋㅋㅋㅋㅋㅋㅋㅋㅋㅋㅋㅋㅋㅋㅋㅋㅋ전라도ㅋㅋㅋㅋㅋㅋㅋㅋㅋㅋㅋㅋㅋㅋㅋㅋㅋㅋ전라도ㅋㅋㅋㅋㅋㅋㅋㅋㅋㅋㅋㅋㅋㅋㅋㅋㅋㅋ전라도ㅋㅋㅋㅋㅋㅋㅋㅋㅋㅋㅋㅋㅋㅋㅋㅋㅋㅋ전라도ㅋㅋㅋㅋㅋㅋㅋㅋㅋㅋㅋㅋㅋㅋㅋㅋㅋㅋ,1
저게 왜 둘다 소리 들어야 하는거임?,0
해외음식 소개는 개추야,1
탄내난다,0
영상 내려갔네,0
맞는말,0
존나어이없네 ㅋㅋㅋㅋㅋ 진짜 시발,0
먹고 싶은 거 하나도 없네~ 일전에 부산 갔을 때도 음식 다 별루였는데,0
너는 해라 ㅇㅇ,1
외국 지진 난거까지 신경써야되누?,0
소규모 개인사업자들도 들어오라고 그러는거임,0
전라도네 ㅋㅋㅋㅋ 저긴 진짜 ㅋㅋㅋ,1
결국 저게 맞는말임,1
"행복해지기를 바라면 되는거 아니냐
댓글분위기는 왜케 날이 선것 같냐",0
겉은 바삭한데 속은 촉촉하니까 속까지 익혀야지 이 양반아,0
바로 등록하러 간다ㅋㅋㅋ,0
무한리필 줘도안먹음 그냥 제값내고 먹지,0
이 정도면 유전자에 각인된거 아니냐,0
역사 체험인데 뭐가 문제임?,1
“광주”,0
그냥 행복이 보인다,0
저게 정답,0
애호박찌개 어딨음,0
사장이 제일 불쌍함ㅋㅋㅋ,0
굿굿 ㅋㅋ,1
전라도 성골이네,1
외국 음식,1
맞는말,1
이거 또 상관도 없는 영상에 애먼 자막 달아둔거 아니지?,0
좀 심하노,0
해외인데 굳이??????,0
신난다,0
정상화,1
복털조개 저거 꼬막 아님?,0
잘하고있는거 아님?,1
선처 받은걸 다행으로 알아라,0
맛 좋으면 가는거지 뭔..가격도 나쁘지않은데,0
경남에 산다는 것은 대체…,1
제발 앞이랑 옆 좀 쳐보고다녀라 씨발,0
근데 대학 졸업하고 나서 대학 언급하고 산적이 있나 모르겠네…,0
정상화 되어가는건가,1
홍,1
이건 ㅈ간지네,0
안착한데?,0
공항에서 드론띄울 생각을 하네,0
저업체들은 믿을만하네,0
전라도,1
전라남도 광주광역시,1
부성애는 잇엇을카,0
요새는 해외 재난 문자까지 오네,0
1년 전부터 이야기를 해줬고 캘린더에 표시를 해줬으면 혹시 싶어서 한번 확인이라도 해보겠다ㅋㅋㅋㅋㅋㅋㅋㅋㅋㅋ,0
1년전에 잡은사람은 뭔 잘못?,0
대구 ㅋㅋㅋㅋㅋㅋㅋㅋㅋㅋㅋㅋㅋㅋㅋㅋㅋㅋㅋㅋㅋㅋㅋㅋㅋㅋㅋㅋㅋㅋㅋㅋㅋㅋㅋㅋㅋㅋㅋㅋㅋㅋㅋㅋㅋㅋㅋㅋㅋㅋㅋㅋㅋㅋㅋㅋㅋㅋㅋㅋㅋ,1
아...ㅈㄴ 안타깝노,0
만신이네,0
전.라.도.,1
형량 얼마나나올까,0
돼지 족발이네,1
불매가 아니라 어차피 빵을 안 먹어서..,0
Green 노래는 좋더만 ㅠ,0
일본 코카콜라는 저걸 컨펌햤다는거 아님?,0
올바른 부모네 ㄹㅇ;,1
아니 ㅋㅋㅋㅋㅋ 댓글 왜 정상인데 ㅋㅋㅋㅋㅋㅋㅋ,1
저게 당연한거지ㅅㅂㅋㅋ,0
행복해 보이네,0
학생이 급발진 한거 같은데 좋게 말하던가,0
쟤 저기 회사에서 나가리야 이미 ㄱㅋㄱㄱㄱㄱㅋ회사사람들이 쟤한테 갈꺼같아?ㅋㅋ,0
해외토픽?,0
전라도와 경상도를 가로지르는~,0
존나웃기네 ㅋㅋㅋㅋㅋ,1
저 사람 요즘도 활동하나?,0
좋은 이슬람 문화 받아들이자,1
세균박멸,0
이걸 말해줘야 아는거야?,1
망고에 우루시올 있어서 망고 특히 망고 씨앗부분 쪽쪽 빨았는데도 이상없으면 우루시올 알러지 없는거임.,0
이말은 존나 맘에드네,0
이미 탔는데 또 태우노 ㅋㅋㅋㅋㅋㅋㅋㅋㅋ,1
ㅋㅋㅋㅋ 바나나 먹어라~~,0
아직 정의는 살아있구나,0
실화냐 만든이야기인거냐,0
그냥 학생이 다른 방법으로 설명해달라했으면 되는거 아닌가?,0
인생 존나 열심히 사는데 하늘은 왜 저런 사람 부터 데려가냐…,0
한국보다 여성평등지수 높은나라 아니노?,1
살충제임?,0
전라도ㅡㅡ,0
한국보다 낫다,1
방송국이 여자 존나 많지,1
근본이 넘치네,0
정상화 되어가는건가,0
아침에 뉴스보는데 자전거 운전자 앞으로 무서워서 자전거 못 타겠더라,0
사적제재가 문제가 아니라 사적제재를 해야할만큼 허술한 처벌이 문제다.,0
지금 생각하면 저게 정상이지,1
혜화역으로 빠르게 배송~!,0
두번째짤은 대체...?,0
서윗하노,1
저땐 저런 사실을 숨기지도 않아서 자료가 존나 많어ㅇㅇ,0
신뢰리스트냐,1
대구,1
오우,0
"""한주본소금"" 지금 당장 준비하십시오. 100kg 정도 사서 창고에 두시면 됩니다.",0
해외토픽 시발 ㅋㅋ,1
캬 이거지 ㅋㅋㅋㅋㅋㅋㅋㅋㅋㅋㅋㅋㅋㅋㅋㅋㅋㅋㅋㅋㅋㅋㅋㅋㅋㅋㅋㅋㅋㅋㅋㅋㅋㅋㅋㅋㅋㅋㅋㅋㅋㅋㅋㅋㅋㅋㅋㅋㅋㅋㅋㅋㅋㅋㅋㅋㅋㅋㅋㅋㅋㅋㅋㅋㅋㅋㅋ,0
그러니까 정상화 진행중?,0
저건 왜한거지 ㅇㅇ 할려면 선생님이 근무하신 학교를 적고 가장 좋았던 학교 이렇게 하지,0
장인어른.................,1
만신,1
전라도,1
응 수입 암염 먹을거야,0
두번째는 시발 그래도 그나마 유쾌하네,0
"난 또 흉가체험이라길래 진짜 흉가체험시켜주는 줄 알았네

말 나온김에 하는 소리지만 진짜로 전국에 있는 흉가 공포체험 관광자원으로 쓰면 나름 인기있을 거 같음 롯데월드 귀신의 집마냥 꾸며놓고",0
정상화보소,1
삼일에 한번,0
먹고싶은데 여권 들고가기 귀찮아::,1
3짤 강릉이 아니라 국민대 앞에 아니냐,0
뭐 그친구가 매번만날때마다 10만원짜리 데려가고 했으면 조금 부담되도 비슷하게 사줄수는있겠지 ㅋㅋㅋ,0
암탉,0
1번 제외 전부 필요없음,1
ㄹㅇ ㅋㅋ,1
이제야 좀 제대로 돌아가려고 하네 ㅋㅋㅋㅋㅋㅋㅋㅋㅋㅋㅋㅋㅋㅋㅋㅋㅋㅋㅋㅋㅋㅋㅋㅋㅋㅋㅋㅋㅋㅋ,1
야가다판은 의외로 아줌마 많음,0
진짜 유전자 자체가 우리랑 다른듯 ㅋㅋ,0
난 얻어먹는것만으로도 미안하던데,0
소금은 맛소금이 최강이다,0
"근데 저게 뭐임?
비대면 과외같은건가",0
저래서 문명이 독보적으로 발전했구나아,1
세번째 짤은 국민대 앞 도로인데 강릉으로 되어있네.,0
광주광역시의 유구한 전통,1
비슷한 애들끼리 모여서 작가하는건데 뭐 ㅋㅋ,0
이건 인정ㅋㅋ,0
조상의 유산을 체험하게 해준거네,0
충청도 전통임,0
대구 음 ㅇㅈ,1
오리탕빼고 딱히,0
집 근처네 좀 만 더가면 문수구장ㅋㅋ,0
2 5,0
9살 ㅅㅂ 아니지,0
착해졌어??? 좋아서 헐레벌떡 뛰어왔잖아!!,1
과학이야 아주,1
12살이면 2012년생? ㄷ,0
트럼프의 정상화인가,0
네 선생이 잘못이요 이게 왜 논란되냐,0
개추ㅋㅋㅋㅋㅋㅋㅋㅋㅋㅋㅋㅋㅋㅋㅋㅋㅋㅋㅋㅋㅋㅋㅋㅋㅋㅋㅋㅋㅋㅋㅋㅋㅋㅋㅋㅋㅋㅋㅋㅋㅋㅋㅋㅋㅋㅋㅋㅋㅋㅋㅋㅋㅋㅋㅋㅋㅋㅋㅋㅋㅋㅋㅋㅋㅋㅋㅋㅋㅋㅋㅋㅋㅋㅋㅋㅋㅋㅋㅋㅋㅋㅋㅋㅋㅋㅋㅋㅋㅋㅋㅋㅋㅋㅋㅋㅋㅋㅋㅋㅋㅋㅋㅋㅋㅋㅋㅋㅋㅋㅋㅋㅋㅋㅋㅋㅋㅋㅋㅋㅋㅋㅋㅋㅋㅋㅋㅋㅋㅋㅋㅋㅋㅋㅋㅋㅋㅋㅋㅋㅋㅋㅋㅋㅋㅋㅋㅋㅋㅋㅋㅋㅋㅋㅋㅋㅋㅋㅋㅋㅋㅋㅋㅋㅋㅋㅋㅋㅋㅋㅋㅋㅋㅋㅋㅋㅋㅋㅋㅋㅋㅋㅋㅋㅋㅋㅋㅋㅋㅋㅋㅋㅋㅋㅋㅋㅋㅋㅋ,0
미국의 정상화 ㄷㄷ,0
게시자 의도와 별개로 두번째 짤은 데칼코마니로 만화같이 넘어져서 귀엽네 ㅋㅋㅋ,0
가장' 쓸모없는 거니까 2번이 정답이지,1
하루만에 사과문 올리고 뮤직비디오 내림,0
ㅋㅋ진짜 처음 들어보는데 뭔 ㅋㅋ,0
해외소식을 우리가알아야됨?,1
죽,0
오리탕빼곤 거기서 거기임 ㅇㅇ,0
ㅋㅋㅋㅋㅋㅋ피냄새,1
오리탕에 부추란다ㅋㅋㅋㅋ,0
마지막은 진심 웃겼다 ㅋㅋㅋㅋㅋㅋㅋㅋ,0
불쌍하다,0
대구에서 전학 왔구나,0
이미 새까맣게 탄걸 뭐하러 한번 더 태움??,1
한국보다 여성평등지수 높은나라 아니노?,0
뭔 시빌 꽃을 어떻게 훔쳐갔길래 ㄷㄷ,0
어쩐지 자주 가는 쇼핑몰에서 마스크 판매하고 있더라,0
이주 텀은 가졌어야지. 이상하네....,0
미쳣네 75도 ㄷㄷ,0
대구 수준,1
블ㄹ베리 얼마임?,0
따만당한게 아니라 괴롭힘도 있지 않았을까 싶음,0
광주라서 납득,0
친구는 무슨 그냥 호군데,0
응원한다ㅋㅋ,1
조만간 5.18 민주화유공자명단에 들어가겠네,0
만나이일테니까 아마 6학년일듯,0
역시 전라도 ㅋㅋㅋㅋㅋㅋㅋㅋ,0
그냥 양변 다 2의 지수로 올리고 풀면 금방 나오지 않나...? 네줄이면 풀리겠는데,0
20살짜리 애가 일요일에 혼자 일했노..,0
저런것까지 소재로 써먹는거보니 악랄하다,0
글에도 나와있듯이 글쓴애는 취업 친구는 학생 딱봐도 무한리필이 원인이 아님,0
이게 맞지 이건 잘한다,0
전라도,0
애기 귀엽네,0
하아 최고의 기술력이농... ,1
불쌍한 청년..,0
나 저때 현장에 있었는데 ㅅㅂㅋㅋ,0
맛있긴한데 저거 먹자고 해외나갈 정도는 아님,0
진심 한국보다 훨 나은데 뭐,0
"안배운애한테 저거써서 푸는법을 알려주면 어떡하냐
저거 쓰고 푸는게 쉽던 어렵던 안쓰고 푸는법을 알려줘야지",0
진짜 존나 무섭다,0
보기좋다,0
자전거 타시는 분 까딱하면 큰일나실 뻔했네…ㄷㄷㄷ,0
이미 탔는데 또 태워먹네 미국사람들 고기먹을 줄 모르는듯,0
아이 착하다~^^,1
노트에 메모가 가슴 아프네,0
단순하게 학생이 안 배운걸 사용해서 풀면 안되지 ㅋㅋㅋㅋㅋㅋㅋ,0
광주 음식이.. 내 입맛엔 짜더라…,0
정식 고추장넣고 슥 비벼먹고싶노 ㅋㅋㅋ,0
1군 위험 발암물질인 고사리가 없다니,0
전주 ㅋㅋ,0
ㅅㅂ 뭐 한두시간씩 돌아가면서 자던가 ㅋㅋㅋ 다 자버리네,0
21세기에 벌어진 일 맞노? ㅎㄷㄷ,0
11명은 자도 1명은 응대를 해야할 것 아녀 ㅋㅋㅋㅋ,0
만족하며 사는 사람은 행복한사람임,0
세번째 영상은 강릉시가 아니라 국민대 앞 같은데,0
저건 오바 맞는데 ?,0
16만?,0
지리넹,0
하아 최고의 기술력이농... ,0
착해지네,0
애기데리고 무단횡단은 개열받네 걍 혼자 가면 되잖아?,0
대법 간다고 뭐 달라지냐 실형은 확정인데,0
신이 붙을만하네,0
"뭐 해봐야 얼마하겠냐 싶긴 한데
아무리 그래도 ㅋㅋㅋㅋㅋㅋ",0
운전자 폭행이 1년에 4000건 ㄷㄷ,0
해외토픽?,1
여수 돌산 갓김치 먹고싶다..... ㅅㅂ,0
저 학생은 로피탈 절대 안쓰겠네,0
속이 뻥~,0
"문제를 잘못냈네 보기에 2,5번만 놔뒀어야지.",1
천일염은 김장할때 싸니까 간수빼고 쓰기시작한거,0
아니 야하롱 얌전한 놈인줄 알앗는데,0
헐 ㅠ,0
"친구가 첫 취업 후 거하게 쐈다면 친구 편
그게 아니면 쓰니 편",0
영미 맛있는날은 존맛이고 맛없는날은 존나맛없음. 솔직히 복불복임..,0
저업체들은 믿을만하네,1
정말 안타깝구나,0
정제염 미만잡,0
너 전라도지?,0
중동에서 반팔 안입고 다 싸매고 다니잖아. 그 온도에서는 그게 맞음,0
스타후르츠 케로로 보고 알게됨,0
착,0
아~ 창원?,0
아 경상도가 이걸 또 해내네요,1
무안했네,0
댓글이 정상인건 좀 신기하네,0
전부 여자인거같은건 기분탓인가요??,0
만 신,1
역.시.만.신,1
훈제유통된건가??,0
오리탕 맛나더라,0
티넨 친구도 문제지만 첫월급턱 쏜다고 일부러 불러 놓고 무한리필 집,0
정상화!!,1
짱,0
피조개 일본에서 회로 많이 먹고 고독한 미식가에서도 나온적 있음 피같은 체액이 문제인데 세척 꼼꼼히 하면 괜찮음. 캐슈넛은 어지간하면 한번더 익혀서 먹어야됨 찐걸 파는거긴 한데 그래도 위험하긴 함 옻독 내성이 있는지 없는지 일반적으론 모르는 경우가 많음,0
모교인데 선생님 자랑스럽다,1
그걸 또 항소함? ㅆㅂ 자식 둘 죽이고도 살고싶었냐. 존나 추잡하네 씨발새끼야. 개새끼야. 좆같은 새끼야.,0
착,1
보기좋다,1
ln은 미적분인데 저 내용은 수1 아닌가?,0
세상 참,0
ㄹㅇ 속이 뻥,0
"문제를 잘못냈네 보기에 2,5번만 놔뒀어야지.",0
저런 건 명예훈장으로 여겨야지,1
다른 음식들은 별미 개념이라 자주 먹을 일이 없는데 카사바는 쌀이나 밀과 같은 주식이라 답이 없음... 카사바를 먹으려면 가루로 빻은 후에 깨끗한 물에 헹궈 전분만 남겨야 하는데 카사바를 주식으로 삼는 곳은 아프리카라 물이 귀함,0
맛은 그냥 흔한 동네 빵집 맛 수준이던데 왜 그렇게 바이럴 때리는지 궁금하긴한,0
경상도 밀양,1
자취해서 소금 작은 소스통으로 밖에 안쓰면 암염써라 가격있있어도 좋다,0
대구클라스,1
옳게 된 10대노,1
21세기 현재를 보니 옳게 된 문화였다,0
정의가 살아있던 시절의 미국이로구나...,1
틀린말은 아니구먼ㅋ,0
저게 진짜면 바깥에 붙이고 다니겠냐....,0
이런 사건은 전라도에서는 흔한일,0
전.라.도.,0
첨 들어보는데.,0
헬스장 이름 뭐냐 번창하라고 별 5개 박고 온다,0
옳게 된 기술,1
근본,0
"지구야, 조금만 더 힘 내 !!",0
해외 토픽,1
친구끼리 아무말이나 할수있지 삐져버렸노 ㅋ,0
너무 슬프다 이런 기사는,0
안먹어요,0
P,0
독일 재평가 시급,0
닭장이잖아.......,1
옮게된 나라네,1
그래서 10년전부터 천일염 더럽다고 인기 확줄음,0
복털조개 저거 피꼬막 아니냐? 블러드 어쩌고 하고 생긴거보니 맞는거 같은데,0
이게 공식적으로 발표까지 해야되는게 맞나ㅋㅋㅋ 당연한건데,0
어울리네,0
밀양 전라도 아님?,0
오 이렇게푸는거였구만 오랜만에 보니까 수학재밌냐,0
아찔하다 증말ㅋㅋㅋ,0
이거보고 대전가는 KTX 표 끊었다 빵 사러가야지 낄낄,0
그만큼 잘굴러가는 회사라는 증거임,1
3기 언제 나와 형,0
"가장 맛있는 짜장은
차갑게 식은 짜장",0
댓글 보니 수준들이 참.. 실망스럽다,0
나 이거 지나가다가 봤음,0
갈수록맞말이네,1
짱,1
2345,1
"그냥 학생도 교육과정에 맞게 현재 배운 내용안에서 푸는 방법 알려달라고하고
선생도 그렇게 알려주면 끝날얘긴데 서로 말에 돌이 들었네",0
"인생역작 한국드라마중 최고라고 생각함
그다음으로 미안하다 사랑한다",0
마지막에 대학보고 납득했다!,1
참선생,1
근데 그러면 헬스장에서 ~짓 하는 아줌마는 금지합니다라고 해야지 헬스장이랑 전혀 상관없는 내용만 적어놓으면 걍 어그로밖에 안 되나?,0
킹 댕 이,0
전라도 민주화 영재,1
사실이다,1
이런걸 물어봐야 알아?,0
전주의 풍년제과가 더 맛잇긴해 초코파이 미쳣더라,0
ㅈㄴ멋지네,0
외부인이 아닐텐데 음 그래도 좀 안 되었네.. 모르겠다 후,0
"어후 식겁한다

빡치네",0
로그 안써도 풀겠고만,0
2번 5번이지 뭐 쉽네,0
와 진짜 개씨발,0
어이없네,0
산낙지 먹다 죽는 사람이 있나,0
두번째짤 약간 만화같네,0
옳게된 기업,1
부 산 고 법,0
오리탕 ㅇㅈ,0
홍어!!!,0
삼가 고인의 명복을 빕니다. 거기선 노트에 적은 것 모두 이루며 살기를 ㅠㅠ,0
시공사 어디 업체냐??? ㅆㅅㅌㅊ네,1
아직 전라도는 안가본 듯…,0
그냥 연끊고 살지 난리노,0
ㄹㅇㅋㅋㅋㅋㅋㅋ,0
어디서 닭장냄새나네~,1
정상,1
토란대가 국룰임,0
짱,1
"2번째는 코미디짤이냐? 머냐 진짜
얼탱이가 없네ㅋㅋㅋ",0
극악무도한 범죄지만 이미 합당한 처벌을 받았음 이런식으로 사적제재를 가한다면 너네들이 저 사람과 다를 바가 없다고 생각한다,0
잘 자라고 있구나 든든하네,1
또 포도냐 하여튼ㅋㅋㅋㅋㅋㅋㅋ,0
전라도의 흔한일상이노,1
"와 장인어른!!
티비에 출연하셨네요",1
댓글이 정상인건 좀 신기하네,1
아직 정의는 살아있구나,1
P,1
영우 최대로!!,1
김태리는 미스터션샤인이 물론 인생작이긴하지만 아가씨 리틀포레스트 2521 악귀 정년이 등등도 다 대박남,0
동네 편의점에 있는 한주소금 먹으면 된다,0
역시 인생은 고통이야,0
저기 어디냐? 일일회원권이라도 끊어야겠노,0
추워봤자 ㅋㅋㅋ,0
이래도 지구온난화가 구라냐?,0
인천의 자랑,0
헐 뭐냐,0
짱,0
보약먹었네 ㅋㅋ,0
근본있고 뚝심있는 기업리스트노,1
만신이네,1
영상 공개해봐 내가 판단해준다,0
2 3 5,1
경상도라서,0
우린 그런사람 안나오나 하..,0
진짜 안타깝네 .. 꿈많고 나름 열심히 사는 청년 같았는데,0
중국인줄 ㅋㅋ,0
근데 이런 무지성혐오는 왜하는거임?,0
ㅋㅋㅋㅋㅋㅋ 흥미롭네 ㅋㅋㅋㅋㅋㅋㅋㅋㅋㅋ,1
논란될걸 몰랐다고?,0
배우신분,1
전 라 도,0
ㅋㅋ 닥 선생 잘못,0
해외음식 소개는 개추야,0
전라도 ㅋㅋㅋㅋㅋㅋㅋ,1
착!,0
상식이 귀한 사회,1
이미 새까맣게 탄걸 뭐하러 한번 더 태움??,0
노트 내용 씨발 눈물나네…,0
한국보다 낫다,0
진짜 너무 역겨워서 현실세계 같지 않음,0
트럼프 대통령님이 대통령 되시는 게 옳긴했다,1
수소????,0
압생트 보니까 신뢰도 뚝떨어짐 ㅋㅋ,0
김치는 피코크조선호텔 김치지,0
영화 한공주 모티브,0
아재 맞말만 하노,0
드디어 정상으로 가는구나,1
ㅈㄴ유익하네,0
청주는 어떤곳일까,0
혈압오른다,0
꽃이 액수가 적어도 절도는 절도다,0
한국??,0
규모좀 있는 식품업체가 천일염안쓰고 정제염쓰는데는 다 이유가있다,0
6만원도 비싼데 16임?,0
정답 5번임,0
그 Dna라는게 있나봐,0
밀양 전라도 아님?,1
넘 슬프다,0
모교 이름을 펨코에서 보니 기분이 이상하네요 ㅎㅎㅎ,0
탄내난다,1
짱,0
우리나라네 ㄷㄷ,0
솔직히 음식은 경상도보다 전라도가 훨맛있음,0
깨시민들이네,0
"저거 질문하는거 유료아님?
돈 받고 저러면 안되는거 아닌가?",0
그나마 건조하긴 한가보네 긴팔입을 정도면,0
"진짜 사람 죽이는 음식 = 설탕, 탄수화물, 밀가루",0
요즘 자연로그 안배운다던데,0
"2,5 복수 정답 처리",0
응원한다ㅋㅋ,0
가자 산으로,0
임티가 개열받음,0
애기야 ㅠㅠㅠㅠ,0
저런곳은 전국적으로 지점 확대해야한다,1
일본은 겨울방학 없어요?,0
시공업체 큰그림,1
멕시칸은 화끈 그 잡채.. 진짜 인생을 즐길 줄 아는 놈들임,0
과로사일것같네,0
선분양 후건설 ㅋ,0
이지메 아님?,0
gta임? 뭐냐,0
저건 학생 말이 맞는거 아님? 안 배운걸 당연하게 알아야 한다고 쓰는게 뭔 소리임ㅋㅋㅋ,0
개념기업 목록이노ㅋㅋㅋ,0
구구절절 팩트라 반박을 못하겠노,1
너는 해라 ㅇㅇ,0
역시 전라도 ㅋㅋㅋ,1
열사님들이네 ㅋㅋㅋㅋㅋ,0
왜 그런거지 ?,0
근데 요즘은 호텔들이 그냥 기념품처럼 가지라고 하던데. 어차피 갖고가든 말든 신경도 안씀,0
경상도 생활스포츠ㄷㄷ,0
무거동 목욕탕 앞이네 와,0
그냥 술이 문제야 술이,0
1인당 돈 걷어서 줬다며? 그럼 괜찮은거 아닌가?,0
사회가 드디어 옳게돌아가노,1
"소금은 이렇게만 쓰면 된다 정리해라
한주소금- 아무것도 안든 순수 소금 / 맛소금- 정제소금+msg가 들어간 치트키 소금 / 태안 자염 - msg의 느끼한 맛은 빼고 맛있는 소금을 쓰고 싶을때 / 말돈 소금 - 스테이크 등의 요리에 마무리로 쓸만한 토핑용 소금",0
모두 영우 준비!,0
해충박멸,1
원래 외국에서는 음식 재활용해도되나?,1
안데스 분홍소금,0
착,1
"오리탕은 인정임

걸죽하니 맛있음",0
영하 15도 (추워봤자),0
무한리필 바이럴 소설인데,0
ㅋㅋㅋㅋㅋ 개웃기네 ㅋㅋㅋ,1
그...무단횡단 사고건수 통계보면 남녀 차이 없음. 꼴랑 영상 4개 보고 이론좀 만들지 마셈,0
전라도 ㅋㅋ,1
해외토픽이니 한국인 여러분들은 관심주지마시고 하던대로 하시면 됩니다~,0
아 전라도 역시,0
더 착해져라,0
맛있어보이네,0
저런 놈들이 원청-하청회사에 박혀있으니 혼자 작업하다가 돌아가신 분들이 나오는거다....,0
저렇게 압박해서 스트레스 많이 받으면 더 그럼,0
영화 한공주보면 역겨워서 다 보지도 못함,0
2,1
둘 다 문제가 있는데,0
아니 ㅋㅋㅋㅋㅋ 댓글 왜 정상인데 ㅋㅋㅋㅋㅋㅋㅋ,0
존나웃기네 ㅋㅋㅋㅋㅋ,0
저자리 성심당 아니면 들어가서 매출 낼 수 있는 매장 없음,0
좋은 멕시코 문화 받아들이자,0
개소리 존나 섞여있따,0
21세기 현재를 보니 옳게 된 문화였다,1
꽃을 다발로 꺾으셨나 ㅇㅇ,0
"광주 오리탕, 나주 곰탕, 담양 돼지갋",0
정제소금 ㅈㄴ많은데?,0
팩트) 경상도는 어떤 곳일까…,0
안배웠는데 어떻게쓰냐고ㅋㅋㅋ,0
해외토픽,1
와 자전거 탄 사람 ㅎㄷㄷ 하네,0
진짜 열받는다,0
이름 써있네 이찬주 라고,0
대구란 어떤 곳일까…,1
뭐야 저런 선진문화를 왜 없앤거야,1
야구방망이,0
역시 통구이 맛도리,0
먹고싶은데 여권 들고가기 귀찮아::,0
오또케 오또케,0
물가가 오르면 월세도 오르는게 맞지 않나?,0
버스에 박치기하는거 개웃기네ㅋㅋ,0
멘트 존나 웃기네ㅋㅋㅋㅋㅋㅋㅋㅋㅋㅋㅋㅋㅋㅋㅋㅋㅋ,0
그냥 저 학생이 미적분 선택자면 선생 해설 문제 없고 아니면 해설이 문제있는게 맞는거지 뭐 갈릴게 있나?,0
다까먹었다,0
죽,0
굿 ㅋㅋㅋㅋㅋㅋㅋㅋㅋ,0
애국자들이네 ㅋㅋ,0
"""전라도""",0
틀린말은 아니구먼ㅋ,1
서로 좋게 해결 할 수 있는데 사소한걸로 투닥거리네 ㅋㅋ,0
인천이 교양의 도시였구나,1
기업문화 좋은 곳 리스트인가?,0
캐스팅 존나 잘했네 ㅋㅋ,0
전라도,1
5.18은 무슨날이예요?,0
역시 전주,0
추워봤자 영하 15도야 ㅋㅋ,0
다른 나라 지진에 호들갑 심하지 않냐...........,1
저렇게 따지면 콜라가 젤 위험한거 아니냐,0
난방비 절약되고 좋겠네ㅎㅎ,0
진짜 개웃기네 ㅋㅋㅋㅋㅋㅋㅋㅋㅋㅋㅋㅋㅋㅋㅋㅋㅋㅋㅋㅋ,0
뭐 호들갑 같긴함,0
뭐야 야하롱이야? 아이고,0
존나 정상적이네 진짜ㅋㅋ 정상화 지린다 ㅋㅋ,0
오리탕은 부추가 아니라 미나리다,0
대구 수준,0
좆나 옳은말인데 ㅋㅋ,0
오리탕은 그냥 서울에있는거먹어도 맛있다,0
네 2번 5번 복수정답 입니다.,1
독일 재평가 시급,1
밀양,0
닭장이잔아…,0
번역기 성능 확실하네,1
너무 여유로윤데 ㅋ,0
혹시 중국인이신가요?,1
존나 저속하네,0
"""중국""",1
전임대통령이랑 창당활동하던 사람이네 멕시코 시티 시장했었고 뭔 카르텔이야,0
얻어먹는 새끼가 시발 ㅋㅋ,0
6번째짤이 진짜 최악이네,0
경 상 도,0
무한리필돈계산안해도되서편함 ㅇㅇ,0
나는 그래서 히말라야 핑크솔트만 먹는다,0
정상화,1
해외 이슈 들고오지마라 관심없다,0
근데 뒷태든 앞태든 남의 사진 도찰은 역겹지않나,0
안타깝네. 생활비 아끼면서 월급 60%나 적금에 들 정도로 착실한 청년이었는데,0
이건잘했네,0
애초에 저거 경찰된 애도 있었을걸?,0
가장' 이라고 생각하면 당연히 2번이지,1
오리탕 맛있겠네,0
장애인을 위한 나라를 만들자!,1
어디 헬스장이냐? 다니고싶네,1
-통구이-,0
손절각 재주는게 감사할지경이네. 일반적인 사람이였으면 그냥 뒤도안보고 손절이야,0
기사내용은 항공안전법 위반이라고 적혀있는데 간첩이랑 상관없는거 같은데,0
백종원 귀에 들어왔으면 기분 존나잡칠듯ㅋㅋㅋㅋㅋㅋㅋㅋㅋㅋㅋ,0
"자염은 원시적인 방법이고 지금은 정제염.
그러니까 천일염 말고 정제염 사먹으렴..",0
애 안고 무단횡단은 좀,0
와 자전거 타신 분은 진짜 큰일날 뻔 했네,0
ㅈㄴ마음아프네,0
아이고.... 안타깝네 ㅠㅠㅠ,0
이런거보면 트럼프가 당선될수밖에 없었다,0
호텔뷔페도 따지고 보면 무한리필인데 ㅋㅋㅋㅋㅋㅋㅋㅋ,0
경 상 도,1
찾아보니 일본은 도요토미때 노비제도 없어지고 한국이랑 중국은 1900년대에 없어졌네.,0
전 라 도... 이 한마디로 모든게 설명됨,0
"생각보다 가격은 좋네
반팔 만원에 후드 2.5만원이면",0
전라도 ㅋㅋ,0
내 결혼식 하는데 남 결혼식 날짜가 뭔 소용임 회사친구 개친구인데 저런거 상관하지마,0
철저히 계획된 인종차별,0
존나 시끄러워서 깼어,0
난 공짜 싫은데?,0
짱!,1
저러면 사람뿐만 아니라 동식물들도 살기 힘들건데,0
하 씨발새끼 뒤질거면 지혼자 죽지 애들은 왜죽여 …,0
해외는 알빠아님,0
잘 먹고 갑니다 ㅋㅋㅋㅋ,1
여성인권의 상징 멕시코,0
케밥 만드는 거임?,1
여름 마스크는 진짜 에반데,0
맞말만잇는데 ㅋㅋ,1
맞는말이노,1
세번째 짤은 도로도 8차선은 되어보이는데 저걸 저렇게 갈 생각을 하네;,0
만 - 신,0
이건 당연한거,1
닭?,0
맞말이긴 하지ㅋㅋㅋ,1
드디어!!,1
""" 오랑우탄 """,0
와 ㅅㅂ 차 블박 갈아야겠다,0
유전자 근본은 어디안가노 ㅋㅋㅋㅋ,0
전라도 일상이네,0
정답 5번임,1
저런곳이 좋음,0
"범죄 저지르면 법치주의에 의거해서 엄벌에 처하라고 했잖아
그래서 안봐주고 엄벌에 처하는데 뭐가 문제임???",0
유전자에 새겨진것을 깨달아버린www,1
만신등극,0
바퀴벌레 타죽는게 뉴스노?,0
섭씨 75도? 그게 말이 돼? ㅎㄷㄷ,0
뭔소린지 하나도 모르겠다,0
역시 통구이 맛도리,1
너무 안타깝다,0
전기울타리 설치하자,0
이거 오빠 부탁 받고 파는 거라서 어디서 본 거 같은데,0
드디어!!,0
9살?,0
구구절절 옳은 말만,0
ㅋㅋㅋㅋㅋㅋㅋㅋㅋ대국맞노 ㅋㅋㅋㅋㅋ,1
솔직히 개꿀잼이었을듯.....,0
다 여자인건 우연이지?,1
살면서 처음 듣는데,0
전라도 ㄷ ㄷ ㄷ,0
전라도네,0
전라도잖아,1
ㄹㅇ,0
존나 명언이노 ㅋㅋ,1
"그럴수도 있겠네
하긴 그런 사정이라면 이해는 간다
나도 그렇고 뭐든 성급히 비판할 필요는 없는듯 하다",0
치명적 음식,0
야하롱 작년인가 재작년에 본거 같은데 와…,0
뭔일이 있던거지,0
"근데 검찰로 넘어가도 꽃 한송이 정도면 기소유예 나오지 않음?
저걸 합의해줘?",0
대본이였응. 좋겟다,0
대구,1
초년생한테 뭘 얼마나 바라는거냐 가족도아니고 친구인데,0
애 안낳는다고 욕하면서 결혼하는 것도 욕하면 어느장단에 놀아야 하노?,0
호이가 둘리된 거 아녀,0
"이런 글은 포텐 잘만 오네

우리 펨코의 선구자이자 대현자인 블라발이라 그런가",0
죽,1
바로 ln 생각나긴했는데 요즘 교육과정은 좀 달라서 생각못할수도 있나보네,0
옳게된나라였구먼,1
전라도,0
가장' 이라고 생각하면 당연히 2번이지,0
우영우,0
"근데 나머지 차들 정차해있고 버스만 지나가는걸로 봐선
횡단보도 초록불인데 버스가 지나간걸수도 있을거같음
응근 버스 그냥 사람안보이면 빨간불에도 그냥 지나가던데 뭐 확실한건 모르지만",0
국산 꽃소금 먹으면 됨. 꽃소금 대부분 호주산이지만 찾아보면 청정원 명품 꽃소금처럼 국산인 것도 있음.,0
저런곳이 좋음,1
"펨코는 나쁜뉴스의 당사자가 여자면 무조건 성별에 포커스를 잡더라고요
아무리 커뮤니티라지만 어느정도 상식적인선에서 올바른 분위기가 잡혔으면 좋겠네요",0
전북,0
오늘부터 한국의 수도는 인천이다,1
전라도 ㅋㅋㅋㅋㅋ,1
압생트 독 없다고 밝혀졌는데 날조글이노,0
해외토픽,0
미국이나 버스처럼 가림막하면안됨?,0
콴다 무료 아님?,0
광주광역시의 유구한 전통,0
맞말이긴 하지ㅋㅋㅋ,0
왜그런거지..,0
국결이든 뭐든 하기 나름이겠지...,0
동물 짐승 사진인데 굳이,1
미스터션샤인이 단연코 한드역사상 최고작이라고 생각함 모든게 완벽한 드라마였다,0
착,0
아니 개불쌍하네 애들은 왜 죽여 십새가,0
길 돌아다니는 저런 댕댕이들 진짜 있더라 ㅋㅋㅋ 존나 신기함,0
근본이 넘치네,1
아이고…,0
뭔 듣도보도못한 떡갈비여 광주는 국밥이 맛있는데,0
경상도는 어떤 곳일까…,0
댓글보니까 똑똑이들 개많네 시발,0
저정도는 봐줘라,0
에너지 드링크에 많이 들엇던데,0
꿈도 하고 싶은것도 많았을텐데 너무 안타깝다. 고인의 명복을 빕니다.,0
대영우시대,1
다른 나라 지진에 호들갑 심하지 않냐...........,0
우수경영업체 ㄹㅇ,0
그러게 세상 어찌 이리 됐을까,0
굿,1
우투더영투더우~,0
사주는데로 먹어야지 뭐가어쩌고 불평하는사람 개극혐임,0
"근데 왜 차 오는 반대쪽을 보고 건너는거임???
차 올지 안올지도 모르는데???",0
자염?,0
자기전에 ㅈㄴ 빵터지네 ㅋㅋㅋㅋㅋㅋㅋㅋㅋㅋㅋㅋㅋㅋ,0
대구냐,0
구구절절 팩트 ㄹㅇ,0
민주화운동좀 한거가지고 왜그러는거임?,0
카스카스카스,1
이게맞지 시발,1
올바르게 된 사상,0
그냥 평범한 전통체험인데..,0
세계 1위가 될 수 있었던 근본력,0
월세를 매출%로때감 ?ㅋㅋ,0
밀양출신임,0
처음 들어보는데,0
좀 먹을수도 있지.,0
국민대 앞,0
효율 좋게 빨리 가버리면 되는데ㅋㅋ,0
이런 글들은 전부 주작이니까 괜히 열낼 필요 없다,0
선생 잘못이지,0
반대로 말하면 저기 박제된 회사가 옳은회사네 주식 드가쟈,1
전 라 도,0
가장' 쓸모없는 거니까 2번이 정답이지,0
보상어케하지..,0
나 무한리필 사줄사람,0
조수석에 타고계시던 차주분 아내분은 얼마나 무서우셨을까,0
올바른 사람이었군,0
쓴거만봐도 ㅈㄴ착한애일듯 불쌍하네,0
캬 이거지 ㅋㅋㅋㅋㅋㅋㅋㅋㅋㅋㅋㅋㅋㅋㅋㅋㅋㅋㅋㅋㅋㅋㅋㅋㅋㅋㅋㅋㅋㅋㅋㅋㅋㅋㅋㅋㅋㅋㅋㅋㅋㅋㅋㅋㅋㅋㅋㅋㅋㅋㅋㅋㅋㅋㅋㅋㅋㅋㅋㅋㅋㅋㅋㅋㅋㅋㅋ,1
전라도,1
전라도,0
전통문화 체험이노ㅋㅋㅋ,0
잘하고있누,0
근본있는 헬스장이네,1
ㅋㅋㅋㅋㅋㅋㅋㅋㅋㅋㅋㅋㅋㅋㅋㅋㅋㅋ 개웃기네,0
마지막에 대학보고 납득했다!,0
닭장냄새 씨게나네,1
아 진짜 안타깝네,0
불쌍하다.,0
해외토픽 왜자꾸 올리냐,1
압사사고 안난게 다행일정도,0
3만원짜라 모텔가도 저정도는 아니던데…,0
전주 ㅋㅋㅋㅋ,0
악마새끼들 ㄷㄷ,0
ㅋㅋㅋㅋㅋ 개웃기네 ㅋㅋㅋ,0
왜저러냐 난 잘해줘야지,0
안타깝구만,0
정제염은 쌀수밖에없다,0
신세계ㅋㅋㅋㅋㅋ,0
아 근데 이렇게 구체적인글까지 퍼뜨리는건 좀 그렇지 않나,0
밀양출신임,1
"""한주본소금""",0
이런;;,0
캬 저기 완전 개념기업 아니냐 ㅋㅋㅋ,1
죽,0
ㅋㅋㅋㅋㅋㅋㅋㅋㅋ 정상화,1
와 그냥 한국판 콘크리트 여고생급이였네 ㅡㅡ,0
벌레 퇴치해서 세스코에서 칭찬스티커 발급,0
좋은 이슬람 문화 받아들이자,0
경 상 도,1
아키는 Blighia sapida이고 과라나는 Paullinia cupana라네.,0
창원이면 전라남도 바로 옆이네,0
야하롱이라고? 와 충격이네 씨,0
왜 자기가 실수했다고 인정을 못하냐.. 그냥 아직 거기 안배웠단거 몰랐다고 다시 풀어준다고 하면 되는걸,0
대궄ㅋㅋㅋㅋㅋㅋㅋㅋㅋㅋㅋㅋㅋ,1
할머니 불쌍해 ㅠㅠ,0
정상화!,1
나도 가끔 번호 까먹는데,0
장인어른,0
근본국가답다 믓찌노,1
헴륨 ㅈㄴ 비쌈,0
이거지 ㅋㅋㅋㅋㅋㅋㅋㅋㅋㅋㅋ,1
많이 착해졌노,1
실리콘피자 ㄷㄷ,0
자전거 큰일날뻔했네,0
자염,0
속이뻥ㅋㅋㅋㅋㅋㅋㅋㅋㅋㅋㅋㅋㅋㅋㅋㅋㅋㅋㅋㅋㅋㅋㅋ,1
정의가 살아있던 시대..그립습니다..,0
아그러네용 전봇대옆에 신호등있네,0
다행히 사람은 한 명도 안 다쳤네,0
korean women :),1
참기업 명단 공개 ㅋㅋㅋ,1
옳게된 나라,1
이런거 보면 경상도가 궁금하기는 함,1
존나 맞는말,0
학생이 일부러 시비거는거 같음,0
밀양이 경상도 수도잖아 그럴수밖에없지,1
이혼한이유 안나왔지?,0
여기 꽤 명문인대,0
엄마아들이 뭔 소린가 했다,0
전라도는 전설이다,0
ㅆㅂ 개웃긴데,1
안배운걸 뭔 줄 알고써요 가 개웃기네ㅋㅋㅋ,0
나는 소고기사주긴했는데 뭘사주던 본인맘이지 ㅇ,0
대구 ㅋ,0
역시 천조국 교수님,0
그게 다 연결되어 있는 거임 진짜 치매면 그 자체로도 겁나지만 그것때문에 자식한테 짐이 된다는 것도 겁나는 거고 그런 거,0
정의의 나라 답네,1
나도 문맥상 그렇게 봤는데 당황스럽네 ㅋㅋ,0
미안한데 아쉬운건 성심당이 아님 걍 나가면 그만임,0
"나도 어제 초딩 조카 수학문제 풀이 도와주다가 설명을 자꾸 나도 모르게 방정식으로 하게되서, 이렇게 하면 안될거같은데 하고 다른 방법으로 풀이해줬는디...",0
근본,1
와 야하롱이?,0
굳이 ln으로 할 이유가 없잖아 밑이 상관 없는데,0
국민대 저 짤은 아직도 강원도 강릉시라고 되있네 ㅋㅋㅋㅋㅋㅋㅋㅋㅋㅋㅋㅋㅋㅋㅋㅋ,0
진짜 신기함 죽음에대한 생각이없나??,0
원펀맨3기 애니 언제나오냐...하,0
9살은 진짜 아닌거 같다,0
여자',1
옳게된나라였노..,1
이건 잘한 거라고 생각,1
큰 관점에서는 2번이긴 한데 5번도 복수 정답이네,1
전라도 민주화 영재,0
황소개구리 독성있는거 첨 알았네,0
심지어 정제염이 더쌈ㅋㅋㅋㅋㅋㅋㅋㅋㅋㅋㅋㅋㅋㅋㅋㅋㅋㅋㅋ,0
현자네 ㄷㄷ,1
진짜 왜 저러고 사나 싶음,0
대구는 옛날부터 이랬어,1
이 형님 시원하시네요.,0
근데 연재는 한달에 한번씩 하는 거? 한달 넘을 때도 있는 거 같고 아무튼 많이 느리던데,0
정상화,0
와 애까지 안고 저러네 .. 진짜 생각없네,0
5분이면 걸어가자,0
"나는 이런거 볼 때마다 이해안되네
21세기에 결혼적령기까지 연애 7년은 하지않나",0
존나웃겨ㅗㅋㅋ,1
헬륨보다 저렴해서ㅋㅋ 옛날엔 우리도 풍선에 수소넣을때 있었을껄 요즘은 헬륨이지만,0
모교인데 선생님 자랑스럽다,0
2345,0
공개 다 했으면 좋겠다 그냥,0
대구,0
"ㅈㄴ착한 애네 저 나이에 일요일에 일하고, 노트에 적은 내용봐라 저런 애가 어딨냐 ㅈㄴ 안타깝네 시발",0
전라도,0
우영우 대폭발,1
마음 아프노 ㄹㅇ…,0
가자 산으로,1
자식 앞에서 부모로서의 자존심을 굽히는게 쉽지않아,0
번역기 성능 확실하네,0
세균박멸,1
역하네,0
해외사건은 실베 갖고오지 마라,1
현자네 ㄷㄷ,0
탐폰이 머임? 비상벨?,0
나 요쿠르트중에 이오 좋아함,1
존나웃겨ㅗㅋㅋ,0
존나 맞말이네,0
좋은곳 가서 그곳에서는 행복해라..!,0
그럼 방 빼면 누가 거길 들어가는데 ㅋㅋ,0
일본은 망치를 함마라고 하는구나,0
당연히 미뤄야지 하늘같은 선배님인데.,0
"광주는 대인시장 순대국밥집 거기가 ㄹㅇ 혜자임

맛은 솔직히 그럭저럭인데 양이 ㄹㅇ 미쳤음 ㅋㅋㅋㅋ",0
나가면 대전역만 손해지,0
호이가 계속되면 모다?,0
그냥 평범한 전통체험인데..,1
경상도,1
전라도 유소년 엘리트 앞으로 민주화운동 잘하겠네,0
2번째는 도대체 뭔데 ㅋㅋㅋㅋ,0
죽,1
스타후르츠 저거 은근 많이 먹길래 안전한 건줄 알았더니 ㄷ,0
이게 경상도구나,1
떡갈비나 남도정식이 낫지 오리탕은 그닥이였음 차라리 주물럭이 맛있지,0
나라가 너무 안전해서 문제임 ㅇㅇ,1
옳게된 회사,1
"2,5 복수 정답 처리",1
제발 무단횡단 강력하게 처벌좀 하자,0
전라도,1
전문가를 공짜로 쓰려니까 그렇지,0
근데 이미 탄화된건 불에 안타지않냐? 어케태움,1
크런키랑 에듀윌 콜라보 미쳤다,0
저걸 알아본것도 대단하네,0
더,1
우리나라 대통령도 이제여자분이신데 뭐가 그렇게 심각해,0
ㅈㄴ 과학같은느낌이네 ㅋㅋㅋㅋㅋㅋㅋㅋㅋㅋㅋㅋㅋㅋㅋㅋㅋ,0
자리에서 졸면서 자는게 아니라 걍 발뻗고 자는거임? ㄷㄷ,0
전라도같음,0
이건 비정상의 정상화가 확실하다,1
건실하게 살려고 노력한 흔적이 보여서 더 안타깝네..,0
ai도 아는거야,1
역시 천조국 교수님,1
해외토픽이니 한국인 여러분들은 관심주지마시고 하던대로 하시면 됩니다~,1
오리탕 땡기노,0
경상도,0
데려가면 존나좋다하고 먹을건데 나도데려가라,0
이제야 좀 제대로 돌아가려고 하네 ㅋㅋㅋㅋㅋㅋㅋㅋㅋㅋㅋㅋㅋㅋㅋㅋㅋㅋㅋㅋㅋㅋㅋㅋㅋㅋㅋㅋㅋㅋ,0
솔직히 대다수가 저 헬스장으로 가고싶을 걸,0
개쓰레기들 왜 좌우를 안 살필까,0
ㅋㅋㅋㅋㅋㅋㅋ 옛날 조상님들이 옮네 여자분들 ㅋㅋㅋ,0
오리탕 맛있음 ㅋㅋㅋㅋ,0
저거 야근수당에 다 들어가는거아님?,0
신이 붙을만하네,1
과연 한송이일까? ㅋㅋㅋㅋ,0
무슨 월세를 매출의 퍼센트로 받음?? 집 월세도 월급의 퍼센트로 받냐,0
극단적이긴한데 전체적인 이론은 맞네,0
육개장엔 둘다들어가니,0
착해지네,1
"하루종일 이런거 올리면서 혐오조장하는애들은

대체 어떤 인생을 사는거냐...",0
버스처럼 운전자석에 칸막이치는건 공간이 나오기 힘드려나,0
오리탕 무슨맛이냐면 감자탕이랑 삼계탕 중간맛임. 소주가 술술 들어가는 국물임. 거기에 오리향이 진하게 남. 미나리 오리탕 국물에 데처먹으면 극락임.,0
이게 옳게된 ai지,1
그래서 착해졌답니까?,1
저 정도 더위면 긴팔 입어야됨,0
캐슈넛은 유용하네 몰랐던건데,0
화단을 대체 어떻게 해놨으면 저럴까 싶었는데 뉴스 보니까 80대 치매 노인이 진짜 딱 한송이 꺾은거네 ㅋㅋㅋ 80대 할매면 보통 가족이 주의 준다는 선에서 봐주지 않나?? ㅋㅋㅋㅋㅋㅋㅋㅋㅋㅋㅋㅋㅋ,0
저 헬스장 대박난다 ㅋㅋ,1
아직 대한민국이 죽지않았구나....,0
눈물만 난다 ㅅㅂ,0
"인생에서 어울리는 보직 찾는거 만큼 힘든것도 없는데, 선생이 미리 진로 정해줬노
참선생이다",1
생간 밑에 깔았던 상추를 씻어서 다시 나간다라... 이거 완전 손놈들 뒤져라 시전하는 거 아닌가?wwww,0
전라도사투리 ㅋㅋㅋㅋㅋㅋ,0
"판도라 연건 뭐 어쩔수 있나

신뢰가 깨진이상 결혼은 무리",0
웬일로 댓글이 정상이네ㅎㅎ,0
이 다음 내용이 궁금하다,0
포도인데 뭔 상식적이지도 않은거가지고 국정원이 어쩌고 ㅋㅋㅋㅋ,0
실리콘마다 다름,0
혜화역 용 부스트노,0
어울려,1
노가다판에 여자 개많은데?,0
노인공경이고 뭐고 저건 잘못한게 맞지~,0
광주 평균임 저게,1
스타후르츠는 의외네,0
팩트) 경상도는 어떤 곳일까…,1
뭐야 전라도 평균이네,0
여성분들이 좀 많 ....,0
전.라.도,0
이게 당연한건데 이걸 대통령이 말하고 좋아한다는게 참,0
외국 지진이 왜 실베?,0
수소..?,0
밀양출신이노,0
뒷모습이 도람프인데,0
정상화,1
와 저 어림애가 죽었다니까 너무 안타깝다…,0
우수경영업체 ㄹㅇ,1
갑자기 개소리,0
"1,3 빼고..",0
피곤하게들 산다,0
전.라.도,1
바퀴벌레 화형시키기,1
"근데 졸업하고 학교깔일이 잇나

학교적는 이력서 말고 취업해서 나이먹고 서로 학력 묻고 그럼?",0
새해에는 펨코에서 갇혀 혐오좀 그만하고 현실 삶 열심히 살자 얘들아,0
어떻게되는거지?일본감옥드가는건가,0
와 섬뜩하다.. 저기서 밥먹은 사람들은 충격먹었을듯,0
믿을 만한 그룹이라는 얘기네,0
내입장에서 저런거 써있는거보면 1년치 결제때림,1
경 상 도,1
이것 하나만으로도 트럼프를 뽑은 이유가 있네,0
"버스에 박는 짤은 이해가 안되는걸 넘어서
뇌에 입력이 안되네
어떻게 저렇게 되는거지",0
p,1
여성시대,1
3학년이구나 난 한 5.6학년 되는줄,0
ㅋㅋㅋㅋㅋㅋㅋㅋ ㄱㅆㅅㅌㅊ,1
뭔가 안타깝네,0
지가 잘못 안했다고 생각하니 글을 쳐 싸지르겠지 ㅋㅋㅋㅋㅋㅋㅋㅋ,0
바퀴벌레 타죽는게 뉴스노?,1
근-본,1
그래도 하나 고르라면 난 2번,0
추워봤자 영하 15돜ㅋㅋㅋㅋ,0
전라도에선 늘 있는 일이라 다들 그러려니 함,0
저기 코카콜라 왜 연두색임?,0
증거가 있는데도??,0
청주는 어떤곳일까,1
전라도였어? ㅋㅋㅋㅋㅋㅋ,0
서윗해서 보기 좋노 ㅋㅋㅋㅋ,0
"2^a = 3^b = k -> 2 = k^(1/a) , 3 = k^(1/b)
6 = k^(1/a + 1/b) = k^(a+b/ab) = k^(4/3)
구하고자 하는 2^3a × 3^b = k^4 = 6^3 = 216
그렇게 어렵지 않은, 모의고사 10번 정도의 문제임",0
헬스장 이름 뭐냐 번창하라고 별 5개 박고 온다,1
와 푸는법 다 까먹음,0
솔직히 맛있겠네,0
뭐가 문제인가? 이게 역사인데,1
검찰까지 갔다는건 한송이 뜯은 수준이 아닌거다 ㅋㅋㅋ,0
이유가 뭘까,0
살려주세요 ㅠ,0
솔찌 몇명 자는건 ㅇㅈ인데 다 자는건 ㅋㅋ,0
마음대로 가족 물건 판매하는 얘기 많이 보는데. 무슨 이유로 인생이 모든 게 자기중심적이지?,0
당연한걸,0
소고기 사줄정도로 친하지않나범,0
이나라 미래가 밝노 ㅋㅋ,0
19살때 수첩에 메모해가며 열심히 살아보려 하기 쉽지 않은데 안타깝네,0
돼지 족발이네,0
옮게된 나라네,0
반응이 왜 이렇게 정상적이지?ㅋㅋㅋ,1
개폐급이네 상사도 설명하길 포기한게 느껴진다,0
성남..? 흠,0
"산양삼은 뭔데, 장뇌삼이랑 다른거임?",0
해외뉴스,1
"근데 학생도 존나 예의 없는거 아니냐
그냥 정중하게 자연로그 개념은 아직 배울 단계가 아니라서 사용하지 않고 풀어줄 수 없냐고 물어볼 수 있는건데
바로 저렇게 들이 박는건 좀....",0
헬스장 대박나면 웃기겠노 ㅋㅋㅋ,1
이렇게 사회에 여혐이 만연한데 여가부 폐지하고 페미니즘 반대함?,0
대영우시대,0
내 기억으로는 완경 이야기 처음 나왔을 때 폐경 보다 어감이 더 부드럽고 부정적인 느낌이 덜해서 이렇게 표현하는 게 괜찮다는 의견이 훨씬 많았던 거 같은데 그 이후에 뭐 잘못됐나? 의견이 바뀌었네,0
옳게된 나라,1
오리탕은 GOAT,0
옳게된 나라,1
진짜 유전자 자체가 우리랑 다른듯 ㅋㅋ,1
댕댕이만 해도 좌우 살피는데 우산으로 정면 시야를 가리질 않나 교차로 가운데로 뛰질 않나 신호대기중인 차들 사이에서 나오는건 기본이네,0
하 시발 이건 누가봐도 치매초기인데 ㅠ,0
이말은 존나 맘에드네,1
어떻게 저럴 수가 있냐 시발,0
진짜 저렇게 존나 평범한 시민들 죽으라고 염불 외워도 추천만 눌러야됨?ㅋㅋㅋ,0
굳이 먹어야 할까요?,0
근데 영상은 중국 아닌 거 같은데,0
광주라서 납득,1
옳게된 나라ㅋㅋ,0
해외토픽 ㄷ,1
화분도 아니고 길에 난 꽃에 주인이 있다고 생각하는게 더 이상한거 아니냐???,0
꽃을 뭐 얼마나 가져갔길래 35만원이 나오냐,0
저때 현장에 있었는데 레전드였지,0
만신,0
미래가 밝다,1
보호장구가 없을리가 있나,0
찾았다 내 장인어른,1
전라도 ㄷ ㄷ ㄷ,1
우투더영투더우~,1
"근데 이미 호주나 독일같은 나라들은
여권에 성별에 3개 또는 그이상 가능함 ㅋ",0
대한민국에도 이랬어야했는데,0
얻어먹는입장에선 무한리필이 속편하지 않남,0
짱,1
착해졌길ㅜㅜ,1
반대로 얘기하면 매출이 낮으면 임대료도 낮아진다는 거라서,0
"""전주""",0
난 또 뭐라고 전라도의 평범한 일상이잖아,1
ㄲㅂ,0
성심당 한번도 안가봄,0
그런데 대학때 교수고 논문이고 ln만 죽어라 쓰긴 했음. 편하긴해 ㅋ,0
저게 낭만이다,0
전북,1
부럽네,1
에이 설마 소설이겠지 이런 일이 실제로 일어나겠냐 ㅋㅋㅋㅋㅋㅋㅋㅋㅋㅋ,0
고인의 명복을 빕니다,0
기업문화 좋은 곳 리스트인가?,1
훈장 아님?,0
전라도 ㅋㅋㅋ,1
영우 최대로!!,0
또 ... 마스크 잘쓰고 다녀야겠네 ㅜㅜ,0
이게 맞지,1
개웃기노 ㅅㅂ ㅋㅋㅋㅋㅋㅋㅋ,1
해외 뉴스는 [해외] 글머리좀 붙여라,0
손절도 명분이 있어야 하는데 딱이네 ㅋㅋ,0
서윗하노,0
헬스장 대박나면 웃기겠노 ㅋㅋㅋ,0
전라도는 전설이다,1
나도 이과 나왔는데.. 모르겠다.. 사회에서 쓸일이 없으니 까먹음..,0
다행히 사람은 한 명도 안 다쳤네,1
원펀맨 3기언제나옴..,0
근데 무슨 하루에 16만원임ㅋㅋㅋㅋㅋㅋㅋㅋㅋㅋㅋ,0
누구를 가르칠 거라면 일단 학생 수준 파악이 기본이고 최우선 아닌가ㅋㅋㅋ,0
개 존나 귀엽넼ㅋㅋㅋㅋㅋㅋ,0
멋있다ㅋㅋㅋ,1
예??,0
사연이 궁금하다,0
오리탕은 먹어보고 싶긴 하네,0
맞는 말인데?,1
저층이여도 크게 다쳤을거 같은데,0
전라도,1
어우 자전거아저씨 다칠까봐 식겁했네,0
동물 짐승 사진인데 굳이,0
야 이거 일본 콘크리트사건급인데 ㅅㅂ? 저게 사람새끼냐,0
전 라 도... 이 한마디로 모든게 설명됨,1
혜화역 용 부스트노,1
"추워봤자 영하 15도 ㅋㅋㅋ
난 이게 제일 웃기네 ㅋㅋㅋ",0
경상도,1
난 또 뭐라고 전라도의 평범한 일상이잖아,0
"""전주""",1
상호를 알려줘야지,0
한국여성,0
원숭이 구경 실컷 할 수 있음,1
경기도 성남 ㅋㅋㅋㅋㅋㅋ,0
지 딴에는 한우 존나 쳐묵쳐묵하는 꿈 꿨나 보네 ㅋㅋ,0
옳게된 나라,0
이건 좀 심각하네 이거 재심 신청한다. 내일,0
와 왜 저런거지,0
영미 오리탕 맛없다고 소문이 자자하던댕 ㄹㅇ,0
참기업 명단 공개 ㅋㅋㅋ,0
주말에 일하다가.. 뭔일을 시킨거지 혼자두고,0
ㅋㅋㅋㅋㅋㅋㅋㅋㅋㅋㅋㅋㅋㅋㅋㅋㅋㅋ 개웃기네,1
죽,1
전통문화 체험인데,0
수소를 넣어...?,0
""" 오랑우탄 """,1
너무하네,0
이걸 말해줘야 아는거야?,0
아.. ㅋㅋ 아니 안배운걸 왜..,0
장인어른.................,0
반대로 말하면 저기 박제된 회사가 옳은회사네 주식 드가쟈,0
정상화보소,0
p,0
와 자전거 아저씨 개무서웠을듯... 다행이다,0
버스 꽈당 개웃기네 ㅋㅋㅋㅋ,0
근데 첫월급타고 친한친구한테 무한리필이면 좀 쉽게본 경향도 있긴하지? 물론 그렇다고 대놓고 넌 나를 무시해 이런 친구가 더 이상한거긴 하지만,0
머야 닭장이자나 ㅠ머야 닭장이자나 ㅠ머야 닭장이자나 ㅠ머야 닭장이자나 ㅠ머야 닭장이자나 ㅠ머야 닭장이자나 ㅠ머야 닭장이자나 ㅠ머야 닭장이자나 ㅠ머야 닭장이자나 ㅠ머야 닭장이자나 ㅠ머야 닭장이자나 ㅠ머야 닭장이자나 ㅠ머야 닭장이자나 ㅠ머야 닭장이자나 ㅠ머야 닭장이자나 ㅠ머야 닭장이자나 ㅠ머야 닭장이자나 ㅠ머야 닭장이자나 ㅠ머야 닭장이자나 ㅠ머야 닭장이자나 ㅠ머야 닭장이자나 ㅠ머야 닭장이자나 ㅠ머야 닭장이자나 ㅠ머야 닭장이자나 ㅠ머야 닭장이자나 ㅠ머야 닭장이자나 ㅠ머야 닭장이자나 ㅠ머야 닭장이자나 ㅠ머야 닭장이자나 ㅠ머야 닭장이자나 ㅠ머야 닭장이자나 ㅠ머야 닭장이자나 ㅠ머야 닭장이자나 ㅠ머야 닭장이자나 ㅠ머야 닭장이자나 ㅠ머야 닭장이자나 ㅠ머야 닭장이자나 ㅠ머야 닭장이자나 ㅠ머야 닭장이자나 ㅠ머야 닭장이자나 ㅠ,1
대구에서 전학 왔구나,1
(팩트) 역사적 사실이다,1
"민간인 죽는데 잘죽었다 ㅅㅅ하는거 보면 소름끼침
어떤 삶을 살아온걸까",0
자염도 파는건가?,0
(팩트) 역사적 사실이다,0
어울리네,1
역시 옳게된 사람,1
ㄹㅇ 정상화,0
시공사 어디 업체냐??? ㅆㅅㅌㅊ네,0
아니 대체 이유가 뭐임?,0
누군가에게는 공짜였지~ㅋ,1
이지메 당했나,0
ㄹㅇ 핑크솔트 쌓여있음ㅋㅋㅋㅋㅋ,0
"옛날에는 그렇게 살아가도 뭐라 안한것 같더만, 인심이 너무 야박한 것 아니냐?",0
저 티벳 영상이 중국에서 협찬(호텔?비행기?)받고 찍은걸로 알고 있는데..,0
옳게된 기업들ㅋㅋㅋ,1
아기 많이 컸노,0
역시 김지영,1
합의된거아닐까 ㅋㅋ,0
이태리에서 자라서 이탈리아 요리 잘한다함,0
전라남도 광주광역시,0
차라리 대본이길... 너무 슬프다,0
같은 sm인데도 저런다고,0
이건 당연한거,0
역시 푸짐하네,1
훈제유통된건가??,1
"2번, 5번 둘 중 뭐가 정답이냐 이거 어렵네",1
"저런거 VOC 넣어봐야 작업자는 별 영향 없음
민원 상대하는 VOC담당자만 힘들고 ㅠㅠ",0
ㅋㅋㅋㅋㅋㅋㅋㅋㅋㅋ굿,1
나무위키에 벌써 다 떴다. 얘둘아.,0
한주소금,0
나치가 진짜 나라 여럿 세탁기 돌려줬네,0
솔직해서 좋다,0
이게 옳게된 ai지,0
어휴 피냄새,0
이게맞지 시발,0
명륜이면 ㄳㄳ해도 모자를판에,0
경상도 밀양,0
카사바는 의왼데 ㄱㅅㄱㅅ,0
떡갈비 빼고는 별로,0
역시 전라도 ㅋㅋㅋㅋㅋㅋㅋㅋ,1
속이 안좋네... 후…,0
도대체 왜 차오는 쪽을 안보는거지?,0
요즘은 저런 거 그냥 ai한테 물어보는 게 나을 듯,0
근데 이미탄탄대로인데 뭐하러??,0
죄값치르고 처음부터 시작해보려는 사람을 테러하고 먹고살지못하게하면 다시 죄를 저지를수밖에없게만듬 분노하는건 이해하지만 거기까지만해야함 그이상은 결국 또다른 범죄를 만들뿐임,0
당연한걸 발표하는 시대가 됐네.,1
학생의 말이 맞는데 표현이..ㅋㅋ 여튼 요지는 안배웠는데 어케알아요!! 이건데,0
올영 바이럴,0
가슴 아프노..,0
대구',1
구구절절 팩트라 반박을 못하겠노,0
짱,1
ln은 미적분에서 배우는건데 수1 단원에서 미적분에서만 배우는거 들고오면 어쩌냐 ㅋㅋ,0
캐슈넛이랑 카사바가 생각보다 위험한거였구나,0
너무 좋은 뉴스네요,0
외국 음식,0
저런 말을 누가 쓰는겨?,0
이런거 안 퍼뜨리면 좋겠네... 퍼지면 정제염이 비싸질거 아님. 나는 정제염하고 맛소금 싸게 사서 먹는데,0
전라도,0
애를 혼자서 일하게 냅둔거냐,0
우영우,1
"타지생활 힘들지
내막이 나와야 판단할 수 있을듯",0
풀매수 간다,0
선진국은 다르네 역시,0
"밀양 같은데?
안동인가?",1
역시 전주,1
2020년 저거 강릉 맞음? 아닌것 같은데.. 뭔가 존나 익숙한데 저기,0
스펙이 물리학과에 에너지공학 박사임 한국보다 나은듯 ㅋㅋㅋㅋ,0
복수정답인가요,1
맛있긴한데 저거 먹자고 해외나갈 정도는 아님,1
"중간에 뭐 포켓몬 나루토 원피스 피규어라고 그랬다 라는거보면 유학간 애가 무슨무슨피규어라고 말해주고 간걸로 보이는데 걍 유학가서 가족보고 대신 처분해달라 한거로 보는게 정배아닌가?

어딜보고 몰래 판다고 느끼는건지 전혀 모르겠는데",0
버스에 부딪히는건 좀 웃겼다ㅋㅋㅋㅋ,0
풀매수 간다,1
근본,0
산낙지는 문어사진을 걸어놨누,0
수첩내용 보니 눈물나네,0
"재료는 엄마 마음대로인데 우리집은 미나리, 토란대, 죽순. 고사리는 육개장이지.",0
아니 근데 시발 너무 당연한걸;; 어쩌다 이 세상이 이렇게된거지,0
그래서 신해철이 자기 고스트네이션에서 하루종일 소녀시대 노래만 틀지 않았나,0
별짓을 다하고도 결혼하고 애 낳고 장사하며 잘 사는구나 ㄷㄷㄷ,0
조상의 유산을 체험하게 해준거네,1
요즘 이런 기사보면 왜 구역질 나는지 모르겠네,0
성별이 여자일거 같은데 맞음?,1
거 꽃한두송이 꺾어갈수도있지 이건좀ㅋㅋ;,0
"근데 바이두나 소홍서 같은거 찾아봐도 저런게 실존하는지 안나오네
비밀결사인데 스티커 붙이고 광고할리는 없고",0
좋은 고려문화 받아들이자,1
다른 소금 많은데 굳이 비싼 천일염 왜 먹음? ㅋㅋㅋㅋㅋㅋㅋㅋㅋㅋㅋㅋㅋㅋ,0
짱!,0
나도 어렸을때 엄마가 유희왕카드 버린거 아직 상처다…,0
안착한데?,1
매출 폭등,0
여자',0
과한 면이 있지만 맞는 말도 있네,0
전북ㅋㅋㅋㅋㅋㅋㅋㅋ,1
ㅠㅠ 어머니 건강하세요 ㅠㅠㅠ,0
당연히 논란될만하지 무슨 교육기관에서 ㅋㅋ,0
원숭이 구경 실컷 할 수 있음,0
만신등극,1
시비는 학생이 먼저걸었네,0
-스탑럴커-,0
애휴 저출산이라 좆망해가는 나라에서 언제 결혼하든 걍 축하해줘라 씨발,0
트럼프 효과 지린다,1
정의가 살아있던 시절의 미국이로구나...,0
구구절절 팩트밖에없네,1
"""손님들"" 이라고 써있잖아 유럽 패키지 인솔자일거임 뭘 저런 댓글까지..ㅋ 저정도 금방 모임",0
개웃기네 ㅋㅋ,1
전라도잖아,0
맞말만잇는데 ㅋㅋ,0
전라도ㅋㅋㅋㅋㅋㅋㅋㅋㅋㅋㅋㅋ,0
절도 맞잖아?,0
첫짤부터 ㅅㅂㅋㄱ,0
일잘하는기업 32개사 명단공개,0
우리나라로 치면 민속촌 간거아님? 뭐가문제야,1
메모 보니 착한 애 같은데 참…,0
매출 폭등,1
해외뉴우쓰,1
역시만신,1
정제염 먹어라,0
호세이면 명문 사립이네 MARCH,0
개불쌍하다,0
아 경상도네,0
팩트) 옳게 된 사회다.,1
생각보다 저런 놈들 꽤 있습니다. 호의가 권리 인줄 아는 놈들,0
진짜 ㅈ같네,0
살타서 화상 입는 거보단 더운 게 낫나 보지,0
이건 부럽네…,0
예 전라도요 ㅋㅋㅋㅋㅋㅋㅋㅋㅋㅋㅋㅋㅋㅋㅋㅋㅋㅋㅋㅋㅋㅋㅋㅋㅋㅋㅋㅋㅋㅋㅋㅋㅋㅋㅋㅋㅋㅋㅋㅋㅋㅋㅋㅋㅋㅋㅋㅋㅋㅋㅋㅋㅋ,0
뭐야 저런 선진문화를 왜 없앤거야,0
진짜 여자로 살기 너무 힘든 나라임 ㅠㅠㅠㅠ,0
"그런데 요즘에 저런 거 보다 차라리 chat gpt나 구글 gemini한테 문제 물어보는 것도 좋은 방법임 ㅋㅋㅋㅋ
심심해서 수학 문제 같은거 여러번 넣어 보니깐 의외로 정답률 ㅈㄴ 높던데 ㅋㅋㅋ",0
노트 메모적은거보니 미어지네;,0
벽돌을 걍 얹어놓기만 한 수준인데,0
와 읽으실수있어요?,0
중국임?,1
6만원도아깝네,0
이거 레전드긴함,0
가슴이 따뜻해지는 소식이네요,0
청주야? 신안아니고?,1
"지구야, 조금만 더 힘 내 !!",1
닭장냄새 씨게나네,0
사회가 드디어 옳게돌아가노,0
피살된 건 여성 시장,0
아 개웃기네 ㅋㅋㅋㅋㅋㅋㅋㅋㅋㅋㅌ,0
개념기업 목록이노ㅋㅋㅋ,1
전라도',1
"1. 로그의 정의를 이용해서 푼건 교육과정상 크게 문제가 되지않음. (지수의 확장과 로그는 모두 수1)
2. 근데 아직 학생이 로그를 배우지 않은 상황이면 지수로 풀어주는게 맞고, 자연로그는 미적분 과정이라 이 부분은 잘못됨
3. 학생이 모른다고 했을 때 지수로 다시 풀어주고 로그 로도 풀 수 있다고 했으면 좋게 해결 될 수 있었음",0
사람은 누구나 '신상'을 좋아한다,1
"세상이 너무 끔찍하다.,.",0
괜히 걱정했노 ㅋㅋㅋㅋ,0
삼가 고인의 명복을 빕니다…,0
개도 좌우를 살피는데 인간이 앞만 보고 직진을 하네,0
진짜 말그대로 정상화네 ㅋㅋ,0
네오나치 백인우월주의자들도 못할 짓을 태연하게 저지르노,0
와..그 와이프는 뭔죄임;;,0
ㅋㅋㅋㅋ 안전불감증이 극에달했네,0
광주네,0
난방비 절약되고 좋겠네ㅎㅎ,1
다섯번째는 애 안고 뭐하는 짓임?,0
아빠왔노?,0
개도 최소한 좌우를 살피고 건너는데...,0
성심당 다녀왔는데 퀄리티 괜찮다. 수도권 외곽 나가면 대형베이커리 빵집 있잖아? 그런 퀄리티 빵집. 근데 가격이 쌈.,0
애국자들이네 ㅋㅋ,1
두번째 짤ㅋㅋㅋㅋㅋㅋㅋㅋㅋㅋㅋㅋㅋㅋㅋㅋㅋㅋㅋ,0
카스카스카스,0
"지맘대로 일할거면, 창업을 하든지 ㅋㅋㅋㅋㅋㅋㅋㅋㅋㅋㅋㅋ",0
그런 말 하기 그러면 하지마,0
저 아파트 주민이 아닌가? 35만원이나 받아낼 일은 아닌거 같은데,0
삼가고인의 명복을 빕니다,0
1번빼고 다 쓸모없네,1
이이제이 ㅋㅋㅋㅋㅋㅋㅋㅋㅋㅋ,0
눈물을흘리며기립박수,0
경상도라서,1
이게뭐노..,0
역시 전라도 ㅋㅋㅋ,0
후기를 가져와라,0
하든말든 뭔 상관이고 ㅋㅋ 댓글 상태가 ㅋㅋ,0
나가고 누가 얼마에 들어올지 궁금하네 ㅋㅋㅋ,0
밀양이 경상도 수도잖아 그럴수밖에없지,0
상추튀김,0
아 경상도네,1
이게 당연한건데 이걸 대통령이 말하고 좋아한다는게 참,1
아글쿤 ㄱㅅ,0
혹시 여자임?,1
개드럽다,0
우린 그런사람 안나오나 하..,1
난 명륜진사갈비 사주면 좋던데 ㅋㅋㅋㅋ 혼자 가기는 좀 그렇고 맘껏먹고 좋음 ㅋㅋㅋㅋ,0
토나오네,0
요즘에는 차오는방향 보면서 걸음,0
시공업체가 구국의 영웅이다. 역사에 남을 사건,1
?? 고등학생인데 처음 들어본다…,0
멸균처리중이노,0
믿을 만한 그룹이라는 얘기네,1
굿,0
아빠왔노?,1
전라도,1
광주 수준,1
전통문화 체험이노ㅋㅋㅋ,1
정-상,0
쓰레기 같은 새끼,0
굿 ㅋㅋㅋㅋㅋㅋㅋㅋㅋ,1
두번째짤이 제일 좀 신기함 우산에 시야 가려서 못본건가?,0
진짜 유익하네,0
뭐가 문제인가? 이게 역사인데,0
구구절절 옳은 말만,1
닭장..,0
맛없음,0
진짜 말그대로 정상화네 ㅋㅋ,1
좀 치노 ㅋㅋ,1
찾았다 내 장인어른,0
이런거 보면 경상도가 궁금하기는 함,0
인천의 자랑,1
일단 2번 5번은 확실히 복수 정답이다,0
밀양은 어떤 곳일까..,0
밑에 대학 적는건 노골적으로 선생 욕해달라고 글 쓴거임?,0
대국은 다르긴 하네 확실히 ㅋㅋㅋㅋㅋㅋㅋ,1
고향이 어디죠,1
얼마나 당했길래 저랬대,0
팩트) 저거 다 거르면 먹을 음식이 없어서 굶어죽는다,0
근본국가답다 믓찌노,0
아니 싫으면 내보내던가 ㅋㅋ,0
서윗해서 보기 좋노 ㅋㅋㅋㅋ,1
전주 완산경찰서',0
그래도 아직 대한민국에 희망이 있구나 건강하게만 자라들 다오,1
ㅡ전라도ㅡ,0
근데 ln 고딩때 안배움? 교육과정 바뀜?,0
옳게된나라였구먼,0
메모보니 존나 착한애였네..,0
해외,1
와 저 자전거타고계신분은 천운이시네 ㄷㄷ,0
하나같이 차 오는 방향에 눈길 하나 안주네 시발 ㅋㅋ,0
주가폭등ㅋㅋㅋㅋㅋㅋ,0
이건 뭐냐 난동 그 자체네.,0
다 여자인건 우연이지?,0
이런 혐오글 지긋지긋하다 진짜,0
꽃소금은 그냥 작은 소금이 아니라 끓여서 이물질 걸러낸 소금임,0
ㄹㅇ 속이 뻥,1
역시 경상도,0
성남 ㅋㅋㅋㅋㅋㅋㅋㅋㅋㅋㅋㅋㅋㅋㅋ,1
뭔일을 당한지모르니 음..,0
korean women :),0
와 이런것도 써먹네,0
맞아 이것도 한 가족을 다 파괴한 사건인데ㅜ,0
세번째 짤은 강릉이 아니라 국민대학교 앞이네 ㅋㅋ,0
P,1
진짜 희망이 없는 곳이노,0
대학보고 납득 ㅋㅋㅋ,0
ㅋㅋㅋㅋㅋㅋㅋ 밀양 ㅋㅋㅋㅋㅋㅋㅋㅋ,0
걸스캔두애니띵~,1
못가는데 어떻게 축하해줘요,0
처음 들어봄;;,0
해외뉴스,0
어느나라던 공항 주변에선 드론같은거 띄우면 안되는거 아님?,0
정상화,0
강아지로 힐링했다,0
이런 훌륭한 미풍양속이 지금 사라졌다는거지? 너무 슬프지않냐?,1
예 전라도요 ㅋㅋㅋㅋㅋㅋㅋㅋㅋㅋㅋㅋㅋㅋㅋㅋㅋㅋㅋㅋㅋㅋㅋㅋㅋㅋㅋㅋㅋㅋㅋㅋㅋㅋㅋㅋㅋㅋㅋㅋㅋㅋㅋㅋㅋㅋㅋㅋㅋㅋㅋㅋㅋ,1
ㄹㅇ 정상화,1
회사에서 결혼 날짜 겹치는게 드문일이 아니라 피하는건데,0
